C;V;CV;il tapa CV parfois;6
b;i;bi;il tapa bi parfois;6
d;i;di;il tapa di parfois;6
g;i;gui;il tapa gui parfois;6
p;i;pi;il tapa pi parfois;6
t;i;ti;il tapa ti parfois;6
k;i;ki;il tapa ki parfois;6
m;i;mi;il tapa mi parfois;6
n;i;ni;il tapa ni parfois;6
J;i;gni;il tapa gni parfois;6
f;i;fi;il tapa fi parfois;6
s;i;si;il tapa si parfois;6
S;i;chi;il tapa chi parfois;6
v;i;vi;il tapa vi parfois;6
z;i;zi;il tapa zi parfois;6
Z;i;ji;il tapa ji parfois;6
l;i;li;il tapa li parfois;6
R;i;ri;il tapa ri parfois;6
w;i;wi;il tapa wi parfois;6
j;i;yi;il tapa yi parfois;6
b;a;ba;il tapa ba parfois;6
d;a;da;il tapa da parfois;6
g;a;gua;il tapa gua parfois;6
p;a;pa;il tapa pa parfois;6
t;a;ta;il tapa ta parfois;6
k;a;ka;il tapa ka parfois;6
m;a;ma;il tapa ma parfois;6
n;a;na;il tapa na parfois;6
J;a;gna;il tapa gna parfois;6
f;a;fa;il tapa fa parfois;6
s;a;sa;il tapa sa parfois;6
S;a;cha;il tapa cha parfois;6
v;a;va;il tapa va parfois;6
z;a;za;il tapa za parfois;6
Z;a;ja;il tapa ja parfois;6
l;a;la;il tapa la parfois;6
R;a;ra;il tapa ra parfois;6
w;a;wa;il tapa wa parfois;6
j;a;ya;il tapa ya parfois;6
b;u;bou;il tapa bou parfois;6
d;u;dou;il tapa dou parfois;6
g;u;guou;il tapa guou parfois;6
p;u;pou;il tapa pou parfois;6
t;u;tou;il tapa tou parfois;6
k;u;kou;il tapa kou parfois;6
m;u;mou;il tapa mou parfois;6
n;u;nou;il tapa nou parfois;6
J;u;gnou;il tapa gnou parfois;6
f;u;fou;il tapa fou parfois;6
s;u;sou;il tapa sou parfois;6
S;u;chou;il tapa chou parfois;6
v;u;vou;il tapa vou parfois;6
z;u;zou;il tapa zou parfois;6
Z;u;jou;il tapa jou parfois;6
l;u;lou;il tapa lou parfois;6
R;u;rou;il tapa rou parfois;6
w;u;wou;il tapa wou parfois;6
j;u;you;il tapa you parfois;6
b;e;bé;il tapa bé parfois;6
d;e;dé;il tapa dé parfois;6
g;e;gué;il tapa gué parfois;6
p;e;pé;il tapa pé parfois;6
t;e;té;il tapa té parfois;6
k;e;ké;il tapa ké parfois;6
m;e;mé;il tapa mé parfois;6
n;e;né;il tapa né parfois;6
J;e;gné;il tapa gné parfois;6
f;e;fé;il tapa fé parfois;6
s;e;sé;il tapa sé parfois;6
S;e;ché;il tapa ché parfois;6
v;e;vé;il tapa vé parfois;6
z;e;zé;il tapa zé parfois;6
Z;e;jé;il tapa jé parfois;6
l;e;lé;il tapa lé parfois;6
R;e;ré;il tapa ré parfois;6
w;e;wé;il tapa wé parfois;6
j;e;yé;il tapa yé parfois;6
b;o;bo;il tapa bo parfois;6
d;o;do;il tapa do parfois;6
g;o;guo;il tapa guo parfois;6
p;o;po;il tapa po parfois;6
t;o;to;il tapa to parfois;6
k;o;ko;il tapa ko parfois;6
m;o;mo;il tapa mo parfois;6
n;o;no;il tapa no parfois;6
J;o;gno;il tapa gno parfois;6
f;o;fo;il tapa fo parfois;6
s;o;so;il tapa so parfois;6
S;o;cho;il tapa cho parfois;6
v;o;vo;il tapa vo parfois;6
z;o;zo;il tapa zo parfois;6
Z;o;jo;il tapa jo parfois;6
l;o;lo;il tapa lo parfois;6
R;o;ro;il tapa ro parfois;6
w;o;wo;il tapa wo parfois;6
j;o;yo;il tapa yo parfois;6
b;y;bu;il tapa bu parfois;6
d;y;du;il tapa du parfois;6
g;y;gu;il tapa gu parfois;6
p;y;pu;il tapa pu parfois;6
t;y;tu;il tapa tu parfois;6
k;y;ku;il tapa ku parfois;6
m;y;mu;il tapa mu parfois;6
n;y;nu;il tapa nu parfois;6
J;y;gnu;il tapa gnu parfois;6
f;y;fu;il tapa fu parfois;6
s;y;su;il tapa su parfois;6
S;y;chu;il tapa chu parfois;6
v;y;vu;il tapa vu parfois;6
z;y;zu;il tapa zu parfois;6
Z;y;ju;il tapa ju parfois;6
l;y;lu;il tapa lu parfois;6
R;y;ru;il tapa ru parfois;6
w;y;wu;il tapa wu parfois;6
j;y;ju;il tapa yu parfois;6
b;2;beu;il tapa beu parfois;6
d;2;deu;il tapa deu parfois;6
g;2;gueu;il tapa gueu parfois;6
p;2;peu;il tapa peu parfois;6
t;2;teu;il tapa teu parfois;6
k;2;keu;il tapa keu parfois;6
m;2;meu;il tapa meu parfois;6
n;2;neu;il tapa neu parfois;6
J;2;gneu;il tapa gneu parfois;6
f;2;feu;il tapa feu parfois;6
s;2;seu;il tapa seu parfois;6
S;2;cheu;il tapa cheu parfois;6
v;2;veu;il tapa veu parfois;6
z;2;zeu;il tapa zeu parfois;6
Z;2;jeu;il tapa jeu parfois;6
l;2;leu;il tapa leu parfois;6
R;2;reu;il tapa reu parfois;6
w;2;weu;il tapa weu parfois;6
j;2;jeu;il tapa yeu parfois;6
b;a~;ban;il tapa ban parfois;6
d;a~;dan;il tapa dan parfois;6
g;a~;guan;il tapa guan parfois;6
p;a~;pan;il tapa pan parfois;6
t;a~;tan;il tapa tan parfois;6
k;a~;kan;il tapa kan parfois;6
m;a~;man;il tapa man parfois;6
n;a~;nan;il tapa nan parfois;6
J;a~;gnan;il tapa gnan parfois;6
f;a~;fan;il tapa fan parfois;6
s;a~;san;il tapa san parfois;6
S;a~;chan;il tapa chan parfois;6
v;a~;van;il tapa van parfois;6
z;a~;zan;il tapa zan parfois;6
Z;a~;jan;il tapa jan parfois;6
l;a~;lan;il tapa lan parfois;6
R;a~;ran;il tapa ran parfois;6
w;a~;wan;il tapa wan parfois;6
j;a~;yan;il tapa yan parfois;6
b;o~;bon;il tapa bon parfois;6
d;o~;don;il tapa don parfois;6
g;o~;guon;il tapa guon parfois;6
p;o~;pon;il tapa pon parfois;6
t;o~;ton;il tapa ton parfois;6
k;o~;kon;il tapa kon parfois;6
m;o~;mon;il tapa mon parfois;6
n;o~;non;il tapa non parfois;6
J;o~;gnon;il tapa gnon parfois;6
f;o~;fon;il tapa fon parfois;6
s;o~;son;il tapa son parfois;6
S;o~;chon;il tapa chon parfois;6
v;o~;von;il tapa von parfois;6
z;o~;zon;il tapa zon parfois;6
Z;o~;jon;il tapa jon parfois;6
l;o~;lon;il tapa lon parfois;6
R;o~;ron;il tapa ron parfois;6
w;o~;won;il tapa won parfois;6
j;o~;yon;il tapa yon parfois;6
b;e~;bin;il tapa bin parfois;6
d;e~;din;il tapa din parfois;6
g;e~;guin;il tapa guin parfois;6
p;e~;pin;il tapa pin parfois;6
t;e~;tin;il tapa tin parfois;6
k;e~;kin;il tapa kin parfois;6
m;e~;min;il tapa min parfois;6
n;e~;nin;il tapa nin parfois;6
J;e~;gnin;il tapa gnin parfois;6
f;e~;fin;il tapa fin parfois;6
s;e~;sin;il tapa sin parfois;6
S;e~;chin;il tapa chin parfois;6
v;e~;vin;il tapa vin parfois;6
z;e~;zin;il tapa zin parfois;6
Z;e~;jin;il tapa jin parfois;6
l;e~;lin;il tapa lin parfois;6
R;e~;rin;il tapa rin parfois;6
w;e~;win;il tapa win parfois;6
j;e~;yin;il tapa yin parfois;6
