OrdreOrig;Stimulus;Sequence;Liste tournante 5;Liste tournante 4
1;Adrien_bi-4bands-fc-128-NoiseCarrier.wav;Adrien_bi;1;1
2;Adrien_bi-8bands-fc-128-NoiseCarrier.wav;Adrien_bi;2;2
3;Adrien_bi-12bands-fc-128-NoiseCarrier.wav;Adrien_bi;3;3
4;Adrien_bi-16bands-fc-128-NoiseCarrier.wav;Adrien_bi;4;4
5;Adrien_bi-22bands-fc-128-NoiseCarrier.wav;Adrien_bi;5;2
6;Adrien_be1-4bands-fc-128-NoiseCarrier.wav;Adrien_be1;2;3
7;Adrien_be1-8bands-fc-128-NoiseCarrier.wav;Adrien_be1;3;4
8;Adrien_be1-12bands-fc-128-NoiseCarrier.wav;Adrien_be1;4;1
9;Adrien_be1-16bands-fc-128-NoiseCarrier.wav;Adrien_be1;5;3
10;Adrien_be1-22bands-fc-128-NoiseCarrier.wav;Adrien_be1;1;4
11;Adrien_ba-4bands-fc-128-NoiseCarrier.wav;Adrien_ba;3;1
12;Adrien_ba-8bands-fc-128-NoiseCarrier.wav;Adrien_ba;4;2
13;Adrien_ba-12bands-fc-128-NoiseCarrier.wav;Adrien_ba;5;4
14;Adrien_ba-16bands-fc-128-NoiseCarrier.wav;Adrien_ba;1;1
15;Adrien_ba-22bands-fc-128-NoiseCarrier.wav;Adrien_ba;2;2
16;Adrien_by-4bands-fc-128-NoiseCarrier.wav;Adrien_by;4;3
17;Adrien_by-8bands-fc-128-NoiseCarrier.wav;Adrien_by;5;1
18;Adrien_by-12bands-fc-128-NoiseCarrier.wav;Adrien_by;1;2
19;Adrien_by-16bands-fc-128-NoiseCarrier.wav;Adrien_by;2;3
20;Adrien_by-22bands-fc-128-NoiseCarrier.wav;Adrien_by;3;4
21;Adrien_b2-4bands-fc-128-NoiseCarrier.wav;Adrien_b2;5;2
22;Adrien_b2-8bands-fc-128-NoiseCarrier.wav;Adrien_b2;1;3
23;Adrien_b2-12bands-fc-128-NoiseCarrier.wav;Adrien_b2;2;4
24;Adrien_b2-16bands-fc-128-NoiseCarrier.wav;Adrien_b2;3;1
25;Adrien_b2-22bands-fc-128-NoiseCarrier.wav;Adrien_b2;4;3
26;Adrien_bu-4bands-fc-128-NoiseCarrier.wav;Adrien_bu;1;4
27;Adrien_bu-8bands-fc-128-NoiseCarrier.wav;Adrien_bu;2;1
28;Adrien_bu-12bands-fc-128-NoiseCarrier.wav;Adrien_bu;3;2
29;Adrien_bu-16bands-fc-128-NoiseCarrier.wav;Adrien_bu;4;4
30;Adrien_bu-22bands-fc-128-NoiseCarrier.wav;Adrien_bu;5;1
31;Adrien_bo1-4bands-fc-128-NoiseCarrier.wav;Adrien_bo1;2;2
32;Adrien_bo1-8bands-fc-128-NoiseCarrier.wav;Adrien_bo1;3;3
33;Adrien_bo1-12bands-fc-128-NoiseCarrier.wav;Adrien_bo1;4;1
34;Adrien_bo1-16bands-fc-128-NoiseCarrier.wav;Adrien_bo1;5;2
35;Adrien_bo1-22bands-fc-128-NoiseCarrier.wav;Adrien_bo1;1;3
36;Adrien_ba~-4bands-fc-128-NoiseCarrier.wav;Adrien_ba~;3;4
37;Adrien_ba~-8bands-fc-128-NoiseCarrier.wav;Adrien_ba~;4;2
38;Adrien_ba~-12bands-fc-128-NoiseCarrier.wav;Adrien_ba~;5;3
39;Adrien_ba~-16bands-fc-128-NoiseCarrier.wav;Adrien_ba~;1;4
40;Adrien_ba~-22bands-fc-128-NoiseCarrier.wav;Adrien_ba~;2;1
41;Adrien_bo~-4bands-fc-128-NoiseCarrier.wav;Adrien_bo~;4;3
42;Adrien_bo~-8bands-fc-128-NoiseCarrier.wav;Adrien_bo~;5;4
43;Adrien_bo~-12bands-fc-128-NoiseCarrier.wav;Adrien_bo~;1;1
44;Adrien_bo~-16bands-fc-128-NoiseCarrier.wav;Adrien_bo~;2;2
45;Adrien_bo~-22bands-fc-128-NoiseCarrier.wav;Adrien_bo~;3;4
46;Adrien_be~-4bands-fc-128-NoiseCarrier.wav;Adrien_be~;5;1
47;Adrien_be~-8bands-fc-128-NoiseCarrier.wav;Adrien_be~;1;2
48;Adrien_be~-12bands-fc-128-NoiseCarrier.wav;Adrien_be~;2;3
49;Adrien_be~-16bands-fc-128-NoiseCarrier.wav;Adrien_be~;3;1
50;Adrien_be~-22bands-fc-128-NoiseCarrier.wav;Adrien_be~;4;2
51;Adrien_di-4bands-fc-128-NoiseCarrier.wav;Adrien_di;1;3
52;Adrien_di-8bands-fc-128-NoiseCarrier.wav;Adrien_di;2;4
53;Adrien_di-12bands-fc-128-NoiseCarrier.wav;Adrien_di;3;2
54;Adrien_di-16bands-fc-128-NoiseCarrier.wav;Adrien_di;4;3
55;Adrien_di-22bands-fc-128-NoiseCarrier.wav;Adrien_di;5;4
56;Adrien_de1-4bands-fc-128-NoiseCarrier.wav;Adrien_de1;2;1
57;Adrien_de1-8bands-fc-128-NoiseCarrier.wav;Adrien_de1;3;3
58;Adrien_de1-12bands-fc-128-NoiseCarrier.wav;Adrien_de1;4;4
59;Adrien_de1-16bands-fc-128-NoiseCarrier.wav;Adrien_de1;5;1
60;Adrien_de1-22bands-fc-128-NoiseCarrier.wav;Adrien_de1;1;2
61;Adrien_da-4bands-fc-128-NoiseCarrier.wav;Adrien_da;3;4
62;Adrien_da-8bands-fc-128-NoiseCarrier.wav;Adrien_da;4;1
63;Adrien_da-12bands-fc-128-NoiseCarrier.wav;Adrien_da;5;2
64;Adrien_da-16bands-fc-128-NoiseCarrier.wav;Adrien_da;1;3
65;Adrien_da-22bands-fc-128-NoiseCarrier.wav;Adrien_da;2;1
66;Adrien_dy-4bands-fc-128-NoiseCarrier.wav;Adrien_dy;4;2
67;Adrien_dy-8bands-fc-128-NoiseCarrier.wav;Adrien_dy;5;3
68;Adrien_dy-12bands-fc-128-NoiseCarrier.wav;Adrien_dy;1;4
69;Adrien_dy-16bands-fc-128-NoiseCarrier.wav;Adrien_dy;2;2
70;Adrien_dy-22bands-fc-128-NoiseCarrier.wav;Adrien_dy;3;3
71;Adrien_d2-4bands-fc-128-NoiseCarrier.wav;Adrien_d2;5;4
72;Adrien_d2-8bands-fc-128-NoiseCarrier.wav;Adrien_d2;1;1
73;Adrien_d2-12bands-fc-128-NoiseCarrier.wav;Adrien_d2;2;3
74;Adrien_d2-16bands-fc-128-NoiseCarrier.wav;Adrien_d2;3;4
75;Adrien_d2-22bands-fc-128-NoiseCarrier.wav;Adrien_d2;4;1
76;Adrien_du-4bands-fc-128-NoiseCarrier.wav;Adrien_du;1;2
77;Adrien_du-8bands-fc-128-NoiseCarrier.wav;Adrien_du;2;4
78;Adrien_du-12bands-fc-128-NoiseCarrier.wav;Adrien_du;3;1
79;Adrien_du-16bands-fc-128-NoiseCarrier.wav;Adrien_du;4;2
80;Adrien_du-22bands-fc-128-NoiseCarrier.wav;Adrien_du;5;3
81;Adrien_do-4bands-fc-128-NoiseCarrier.wav;Adrien_do;2;1
82;Adrien_do-8bands-fc-128-NoiseCarrier.wav;Adrien_do;3;2
83;Adrien_do-12bands-fc-128-NoiseCarrier.wav;Adrien_do;4;3
84;Adrien_do-16bands-fc-128-NoiseCarrier.wav;Adrien_do;5;4
85;Adrien_do-22bands-fc-128-NoiseCarrier.wav;Adrien_do;1;2
86;Adrien_da~-4bands-fc-128-NoiseCarrier.wav;Adrien_da~;3;3
87;Adrien_da~-8bands-fc-128-NoiseCarrier.wav;Adrien_da~;4;4
88;Adrien_da~-12bands-fc-128-NoiseCarrier.wav;Adrien_da~;5;1
89;Adrien_da~-16bands-fc-128-NoiseCarrier.wav;Adrien_da~;1;3
90;Adrien_da~-22bands-fc-128-NoiseCarrier.wav;Adrien_da~;2;4
91;Adrien_do~-4bands-fc-128-NoiseCarrier.wav;Adrien_do~;4;1
92;Adrien_do~-8bands-fc-128-NoiseCarrier.wav;Adrien_do~;5;2
93;Adrien_do~-12bands-fc-128-NoiseCarrier.wav;Adrien_do~;1;4
94;Adrien_do~-16bands-fc-128-NoiseCarrier.wav;Adrien_do~;2;1
95;Adrien_do~-22bands-fc-128-NoiseCarrier.wav;Adrien_do~;3;2
96;Adrien_de~-4bands-fc-128-NoiseCarrier.wav;Adrien_de~;5;3
97;Adrien_de~-8bands-fc-128-NoiseCarrier.wav;Adrien_de~;1;1
98;Adrien_de~-12bands-fc-128-NoiseCarrier.wav;Adrien_de~;2;2
99;Adrien_de~-16bands-fc-128-NoiseCarrier.wav;Adrien_de~;3;3
100;Adrien_de~-22bands-fc-128-NoiseCarrier.wav;Adrien_de~;4;4
101;Adrien_gi-4bands-fc-128-NoiseCarrier.wav;Adrien_gi;1;2
102;Adrien_gi-8bands-fc-128-NoiseCarrier.wav;Adrien_gi;2;3
103;Adrien_gi-12bands-fc-128-NoiseCarrier.wav;Adrien_gi;3;4
104;Adrien_gi-16bands-fc-128-NoiseCarrier.wav;Adrien_gi;4;1
105;Adrien_gi-22bands-fc-128-NoiseCarrier.wav;Adrien_gi;5;3
106;Adrien_ge1-4bands-fc-128-NoiseCarrier.wav;Adrien_ge1;2;4
107;Adrien_ge1-8bands-fc-128-NoiseCarrier.wav;Adrien_ge1;3;1
108;Adrien_ge1-12bands-fc-128-NoiseCarrier.wav;Adrien_ge1;4;2
109;Adrien_ge1-16bands-fc-128-NoiseCarrier.wav;Adrien_ge1;5;4
110;Adrien_ge1-22bands-fc-128-NoiseCarrier.wav;Adrien_ge1;1;1
111;Adrien_ga-4bands-fc-128-NoiseCarrier.wav;Adrien_ga;3;2
112;Adrien_ga-8bands-fc-128-NoiseCarrier.wav;Adrien_ga;4;3
113;Adrien_ga-12bands-fc-128-NoiseCarrier.wav;Adrien_ga;5;1
114;Adrien_ga-16bands-fc-128-NoiseCarrier.wav;Adrien_ga;1;2
115;Adrien_ga-22bands-fc-128-NoiseCarrier.wav;Adrien_ga;2;3
116;Adrien_gy-4bands-fc-128-NoiseCarrier.wav;Adrien_gy;4;4
117;Adrien_gy-8bands-fc-128-NoiseCarrier.wav;Adrien_gy;5;2
118;Adrien_gy-12bands-fc-128-NoiseCarrier.wav;Adrien_gy;1;3
119;Adrien_gy-16bands-fc-128-NoiseCarrier.wav;Adrien_gy;2;4
120;Adrien_gy-22bands-fc-128-NoiseCarrier.wav;Adrien_gy;3;1
121;Adrien_g2-4bands-fc-128-NoiseCarrier.wav;Adrien_g2;5;3
122;Adrien_g2-8bands-fc-128-NoiseCarrier.wav;Adrien_g2;1;4
123;Adrien_g2-12bands-fc-128-NoiseCarrier.wav;Adrien_g2;2;1
124;Adrien_g2-16bands-fc-128-NoiseCarrier.wav;Adrien_g2;3;2
125;Adrien_g2-22bands-fc-128-NoiseCarrier.wav;Adrien_g2;4;4
126;Adrien_gu-4bands-fc-128-NoiseCarrier.wav;Adrien_gu;1;1
127;Adrien_gu-8bands-fc-128-NoiseCarrier.wav;Adrien_gu;2;2
128;Adrien_gu-12bands-fc-128-NoiseCarrier.wav;Adrien_gu;3;3
129;Adrien_gu-16bands-fc-128-NoiseCarrier.wav;Adrien_gu;4;1
130;Adrien_gu-22bands-fc-128-NoiseCarrier.wav;Adrien_gu;5;2
131;Adrien_go-4bands-fc-128-NoiseCarrier.wav;Adrien_go;2;3
132;Adrien_go-8bands-fc-128-NoiseCarrier.wav;Adrien_go;3;4
133;Adrien_go-12bands-fc-128-NoiseCarrier.wav;Adrien_go;4;2
134;Adrien_go-16bands-fc-128-NoiseCarrier.wav;Adrien_go;5;3
135;Adrien_go-22bands-fc-128-NoiseCarrier.wav;Adrien_go;1;4
136;Adrien_ga~-4bands-fc-128-NoiseCarrier.wav;Adrien_ga~;3;1
137;Adrien_ga~-8bands-fc-128-NoiseCarrier.wav;Adrien_ga~;4;3
138;Adrien_ga~-12bands-fc-128-NoiseCarrier.wav;Adrien_ga~;5;4
139;Adrien_ga~-16bands-fc-128-NoiseCarrier.wav;Adrien_ga~;1;1
140;Adrien_ga~-22bands-fc-128-NoiseCarrier.wav;Adrien_ga~;2;2
141;Adrien_go~-4bands-fc-128-NoiseCarrier.wav;Adrien_go~;4;4
142;Adrien_go~-8bands-fc-128-NoiseCarrier.wav;Adrien_go~;5;1
143;Adrien_go~-12bands-fc-128-NoiseCarrier.wav;Adrien_go~;1;2
144;Adrien_go~-16bands-fc-128-NoiseCarrier.wav;Adrien_go~;2;3
145;Adrien_go~-22bands-fc-128-NoiseCarrier.wav;Adrien_go~;3;1
146;Adrien_ge~-4bands-fc-128-NoiseCarrier.wav;Adrien_ge~;5;2
147;Adrien_ge~-8bands-fc-128-NoiseCarrier.wav;Adrien_ge~;1;3
148;Adrien_ge~-12bands-fc-128-NoiseCarrier.wav;Adrien_ge~;2;4
149;Adrien_ge~-16bands-fc-128-NoiseCarrier.wav;Adrien_ge~;3;2
150;Adrien_ge~-22bands-fc-128-NoiseCarrier.wav;Adrien_ge~;4;3
151;Adrien_pi-4bands-fc-128-NoiseCarrier.wav;Adrien_pi;1;4
152;Adrien_pi-8bands-fc-128-NoiseCarrier.wav;Adrien_pi;2;1
153;Adrien_pi-12bands-fc-128-NoiseCarrier.wav;Adrien_pi;3;3
154;Adrien_pi-16bands-fc-128-NoiseCarrier.wav;Adrien_pi;4;4
155;Adrien_pi-22bands-fc-128-NoiseCarrier.wav;Adrien_pi;5;1
156;Adrien_pe1-4bands-fc-128-NoiseCarrier.wav;Adrien_pe1;2;2
157;Adrien_pe1-8bands-fc-128-NoiseCarrier.wav;Adrien_pe1;3;4
158;Adrien_pe1-12bands-fc-128-NoiseCarrier.wav;Adrien_pe1;4;1
159;Adrien_pe1-16bands-fc-128-NoiseCarrier.wav;Adrien_pe1;5;2
160;Adrien_pe1-22bands-fc-128-NoiseCarrier.wav;Adrien_pe1;1;3
161;Adrien_pa-4bands-fc-128-NoiseCarrier.wav;Adrien_pa;3;1
162;Adrien_pa-8bands-fc-128-NoiseCarrier.wav;Adrien_pa;4;2
163;Adrien_pa-12bands-fc-128-NoiseCarrier.wav;Adrien_pa;5;3
164;Adrien_pa-16bands-fc-128-NoiseCarrier.wav;Adrien_pa;1;4
165;Adrien_pa-22bands-fc-128-NoiseCarrier.wav;Adrien_pa;2;2
166;Adrien_py-4bands-fc-128-NoiseCarrier.wav;Adrien_py;4;3
167;Adrien_py-8bands-fc-128-NoiseCarrier.wav;Adrien_py;5;4
168;Adrien_py-12bands-fc-128-NoiseCarrier.wav;Adrien_py;1;1
169;Adrien_py-16bands-fc-128-NoiseCarrier.wav;Adrien_py;2;3
170;Adrien_py-22bands-fc-128-NoiseCarrier.wav;Adrien_py;3;4
171;Adrien_p2-4bands-fc-128-NoiseCarrier.wav;Adrien_p2;5;1
172;Adrien_p2-8bands-fc-128-NoiseCarrier.wav;Adrien_p2;1;2
173;Adrien_p2-12bands-fc-128-NoiseCarrier.wav;Adrien_p2;2;4
174;Adrien_p2-16bands-fc-128-NoiseCarrier.wav;Adrien_p2;3;1
175;Adrien_p2-22bands-fc-128-NoiseCarrier.wav;Adrien_p2;4;2
176;Adrien_pu-4bands-fc-128-NoiseCarrier.wav;Adrien_pu;1;3
177;Adrien_pu-8bands-fc-128-NoiseCarrier.wav;Adrien_pu;2;1
178;Adrien_pu-12bands-fc-128-NoiseCarrier.wav;Adrien_pu;3;2
179;Adrien_pu-16bands-fc-128-NoiseCarrier.wav;Adrien_pu;4;3
180;Adrien_pu-22bands-fc-128-NoiseCarrier.wav;Adrien_pu;5;4
181;Adrien_po1-4bands-fc-128-NoiseCarrier.wav;Adrien_po1;2;2
182;Adrien_po1-8bands-fc-128-NoiseCarrier.wav;Adrien_po1;3;3
183;Adrien_po1-12bands-fc-128-NoiseCarrier.wav;Adrien_po1;4;4
184;Adrien_po1-16bands-fc-128-NoiseCarrier.wav;Adrien_po1;5;1
185;Adrien_po1-22bands-fc-128-NoiseCarrier.wav;Adrien_po1;1;3
186;Adrien_pa~-4bands-fc-128-NoiseCarrier.wav;Adrien_pa~;3;4
187;Adrien_pa~-8bands-fc-128-NoiseCarrier.wav;Adrien_pa~;4;1
188;Adrien_pa~-12bands-fc-128-NoiseCarrier.wav;Adrien_pa~;5;2
189;Adrien_pa~-16bands-fc-128-NoiseCarrier.wav;Adrien_pa~;1;4
190;Adrien_pa~-22bands-fc-128-NoiseCarrier.wav;Adrien_pa~;2;1
191;Adrien_po~-4bands-fc-128-NoiseCarrier.wav;Adrien_po~;4;2
192;Adrien_po~-8bands-fc-128-NoiseCarrier.wav;Adrien_po~;5;3
193;Adrien_po~-12bands-fc-128-NoiseCarrier.wav;Adrien_po~;1;1
194;Adrien_po~-16bands-fc-128-NoiseCarrier.wav;Adrien_po~;2;2
195;Adrien_po~-22bands-fc-128-NoiseCarrier.wav;Adrien_po~;3;3
196;Adrien_pe~-4bands-fc-128-NoiseCarrier.wav;Adrien_pe~;5;4
197;Adrien_pe~-8bands-fc-128-NoiseCarrier.wav;Adrien_pe~;1;2
198;Adrien_pe~-12bands-fc-128-NoiseCarrier.wav;Adrien_pe~;2;3
199;Adrien_pe~-16bands-fc-128-NoiseCarrier.wav;Adrien_pe~;3;4
200;Adrien_pe~-22bands-fc-128-NoiseCarrier.wav;Adrien_pe~;4;1
201;Adrien_ti-4bands-fc-128-NoiseCarrier.wav;Adrien_ti;1;3
202;Adrien_ti-8bands-fc-128-NoiseCarrier.wav;Adrien_ti;2;4
203;Adrien_ti-12bands-fc-128-NoiseCarrier.wav;Adrien_ti;3;1
204;Adrien_ti-16bands-fc-128-NoiseCarrier.wav;Adrien_ti;4;2
205;Adrien_ti-22bands-fc-128-NoiseCarrier.wav;Adrien_ti;5;4
206;Adrien_te1-4bands-fc-128-NoiseCarrier.wav;Adrien_te1;2;1
207;Adrien_te1-8bands-fc-128-NoiseCarrier.wav;Adrien_te1;3;2
208;Adrien_te1-12bands-fc-128-NoiseCarrier.wav;Adrien_te1;4;3
209;Adrien_te1-16bands-fc-128-NoiseCarrier.wav;Adrien_te1;5;1
210;Adrien_te1-22bands-fc-128-NoiseCarrier.wav;Adrien_te1;1;2
211;Adrien_ta-4bands-fc-128-NoiseCarrier.wav;Adrien_ta;3;3
212;Adrien_ta-8bands-fc-128-NoiseCarrier.wav;Adrien_ta;4;4
213;Adrien_ta-12bands-fc-128-NoiseCarrier.wav;Adrien_ta;5;2
214;Adrien_ta-16bands-fc-128-NoiseCarrier.wav;Adrien_ta;1;3
215;Adrien_ta-22bands-fc-128-NoiseCarrier.wav;Adrien_ta;2;4
216;Adrien_ty-4bands-fc-128-NoiseCarrier.wav;Adrien_ty;4;1
217;Adrien_ty-8bands-fc-128-NoiseCarrier.wav;Adrien_ty;5;3
218;Adrien_ty-12bands-fc-128-NoiseCarrier.wav;Adrien_ty;1;4
219;Adrien_ty-16bands-fc-128-NoiseCarrier.wav;Adrien_ty;2;1
220;Adrien_ty-22bands-fc-128-NoiseCarrier.wav;Adrien_ty;3;2
221;Adrien_t2-4bands-fc-128-NoiseCarrier.wav;Adrien_t2;5;4
222;Adrien_t2-8bands-fc-128-NoiseCarrier.wav;Adrien_t2;1;1
223;Adrien_t2-12bands-fc-128-NoiseCarrier.wav;Adrien_t2;2;2
224;Adrien_t2-16bands-fc-128-NoiseCarrier.wav;Adrien_t2;3;3
225;Adrien_t2-22bands-fc-128-NoiseCarrier.wav;Adrien_t2;4;1
226;Adrien_tu-4bands-fc-128-NoiseCarrier.wav;Adrien_tu;1;2
227;Adrien_tu-8bands-fc-128-NoiseCarrier.wav;Adrien_tu;2;3
228;Adrien_tu-12bands-fc-128-NoiseCarrier.wav;Adrien_tu;3;4
229;Adrien_tu-16bands-fc-128-NoiseCarrier.wav;Adrien_tu;4;2
230;Adrien_tu-22bands-fc-128-NoiseCarrier.wav;Adrien_tu;5;3
231;Adrien_to-4bands-fc-128-NoiseCarrier.wav;Adrien_to;2;4
232;Adrien_to-8bands-fc-128-NoiseCarrier.wav;Adrien_to;3;1
233;Adrien_to-12bands-fc-128-NoiseCarrier.wav;Adrien_to;4;3
234;Adrien_to-16bands-fc-128-NoiseCarrier.wav;Adrien_to;5;4
235;Adrien_to-22bands-fc-128-NoiseCarrier.wav;Adrien_to;1;1
236;Adrien_ta~-4bands-fc-128-NoiseCarrier.wav;Adrien_ta~;3;2
237;Adrien_ta~-8bands-fc-128-NoiseCarrier.wav;Adrien_ta~;4;4
238;Adrien_ta~-12bands-fc-128-NoiseCarrier.wav;Adrien_ta~;5;1
239;Adrien_ta~-16bands-fc-128-NoiseCarrier.wav;Adrien_ta~;1;2
240;Adrien_ta~-22bands-fc-128-NoiseCarrier.wav;Adrien_ta~;2;3
241;Adrien_to~-4bands-fc-128-NoiseCarrier.wav;Adrien_to~;4;1
242;Adrien_to~-8bands-fc-128-NoiseCarrier.wav;Adrien_to~;5;2
243;Adrien_to~-12bands-fc-128-NoiseCarrier.wav;Adrien_to~;1;3
244;Adrien_to~-16bands-fc-128-NoiseCarrier.wav;Adrien_to~;2;4
245;Adrien_to~-22bands-fc-128-NoiseCarrier.wav;Adrien_to~;3;2
246;Adrien_te~-4bands-fc-128-NoiseCarrier.wav;Adrien_te~;5;3
247;Adrien_te~-8bands-fc-128-NoiseCarrier.wav;Adrien_te~;1;4
248;Adrien_te~-12bands-fc-128-NoiseCarrier.wav;Adrien_te~;2;1
249;Adrien_te~-16bands-fc-128-NoiseCarrier.wav;Adrien_te~;3;3
250;Adrien_te~-22bands-fc-128-NoiseCarrier.wav;Adrien_te~;4;4
251;Adrien_ki-4bands-fc-128-NoiseCarrier.wav;Adrien_ki;1;1
252;Adrien_ki-8bands-fc-128-NoiseCarrier.wav;Adrien_ki;2;2
253;Adrien_ki-12bands-fc-128-NoiseCarrier.wav;Adrien_ki;3;4
254;Adrien_ki-16bands-fc-128-NoiseCarrier.wav;Adrien_ki;4;1
255;Adrien_ki-22bands-fc-128-NoiseCarrier.wav;Adrien_ki;5;2
256;Adrien_ke-4bands-fc-128-NoiseCarrier.wav;Adrien_ke;2;3
257;Adrien_ke-8bands-fc-128-NoiseCarrier.wav;Adrien_ke;3;1
258;Adrien_ke-12bands-fc-128-NoiseCarrier.wav;Adrien_ke;4;2
259;Adrien_ke-16bands-fc-128-NoiseCarrier.wav;Adrien_ke;5;3
260;Adrien_ke-22bands-fc-128-NoiseCarrier.wav;Adrien_ke;1;4
261;Adrien_ka-4bands-fc-128-NoiseCarrier.wav;Adrien_ka;3;2
262;Adrien_ka-8bands-fc-128-NoiseCarrier.wav;Adrien_ka;4;3
263;Adrien_ka-12bands-fc-128-NoiseCarrier.wav;Adrien_ka;5;4
264;Adrien_ka-16bands-fc-128-NoiseCarrier.wav;Adrien_ka;1;1
265;Adrien_ka-22bands-fc-128-NoiseCarrier.wav;Adrien_ka;2;3
266;Adrien_ky-4bands-fc-128-NoiseCarrier.wav;Adrien_ky;4;4
267;Adrien_ky-8bands-fc-128-NoiseCarrier.wav;Adrien_ky;5;1
268;Adrien_ky-12bands-fc-128-NoiseCarrier.wav;Adrien_ky;1;2
269;Adrien_ky-16bands-fc-128-NoiseCarrier.wav;Adrien_ky;2;4
270;Adrien_ky-22bands-fc-128-NoiseCarrier.wav;Adrien_ky;3;1
271;Adrien_k2-4bands-fc-128-NoiseCarrier.wav;Adrien_k2;5;2
272;Adrien_k2-8bands-fc-128-NoiseCarrier.wav;Adrien_k2;1;3
273;Adrien_k2-12bands-fc-128-NoiseCarrier.wav;Adrien_k2;2;1
274;Adrien_k2-16bands-fc-128-NoiseCarrier.wav;Adrien_k2;3;2
275;Adrien_k2-22bands-fc-128-NoiseCarrier.wav;Adrien_k2;4;3
276;Adrien_ku-4bands-fc-128-NoiseCarrier.wav;Adrien_ku;1;4
277;Adrien_ku-8bands-fc-128-NoiseCarrier.wav;Adrien_ku;2;2
278;Adrien_ku-12bands-fc-128-NoiseCarrier.wav;Adrien_ku;3;3
279;Adrien_ku-16bands-fc-128-NoiseCarrier.wav;Adrien_ku;4;4
280;Adrien_ku-22bands-fc-128-NoiseCarrier.wav;Adrien_ku;5;1
281;Adrien_ko1-4bands-fc-128-NoiseCarrier.wav;Adrien_ko1;2;3
282;Adrien_ko1-8bands-fc-128-NoiseCarrier.wav;Adrien_ko1;3;4
283;Adrien_ko1-12bands-fc-128-NoiseCarrier.wav;Adrien_ko1;4;1
284;Adrien_ko1-16bands-fc-128-NoiseCarrier.wav;Adrien_ko1;5;2
285;Adrien_ko1-22bands-fc-128-NoiseCarrier.wav;Adrien_ko1;1;4
286;Adrien_ka~-4bands-fc-128-NoiseCarrier.wav;Adrien_ka~;3;1
287;Adrien_ka~-8bands-fc-128-NoiseCarrier.wav;Adrien_ka~;4;2
288;Adrien_ka~-12bands-fc-128-NoiseCarrier.wav;Adrien_ka~;5;3
289;Adrien_ka~-16bands-fc-128-NoiseCarrier.wav;Adrien_ka~;1;1
290;Adrien_ka~-22bands-fc-128-NoiseCarrier.wav;Adrien_ka~;2;2
291;Adrien_ko~-4bands-fc-128-NoiseCarrier.wav;Adrien_ko~;4;3
292;Adrien_ko~-8bands-fc-128-NoiseCarrier.wav;Adrien_ko~;5;4
293;Adrien_ko~-12bands-fc-128-NoiseCarrier.wav;Adrien_ko~;1;2
294;Adrien_ko~-16bands-fc-128-NoiseCarrier.wav;Adrien_ko~;2;3
295;Adrien_ko~-22bands-fc-128-NoiseCarrier.wav;Adrien_ko~;3;4
296;Adrien_ke~-4bands-fc-128-NoiseCarrier.wav;Adrien_ke~;5;1
297;Adrien_ke~-8bands-fc-128-NoiseCarrier.wav;Adrien_ke~;1;3
298;Adrien_ke~-12bands-fc-128-NoiseCarrier.wav;Adrien_ke~;2;4
299;Adrien_ke~-16bands-fc-128-NoiseCarrier.wav;Adrien_ke~;3;1
300;Adrien_ke~-22bands-fc-128-NoiseCarrier.wav;Adrien_ke~;4;2
301;Adrien_mi-4bands-fc-128-NoiseCarrier.wav;Adrien_mi;1;4
302;Adrien_mi-8bands-fc-128-NoiseCarrier.wav;Adrien_mi;2;1
303;Adrien_mi-12bands-fc-128-NoiseCarrier.wav;Adrien_mi;3;2
304;Adrien_mi-16bands-fc-128-NoiseCarrier.wav;Adrien_mi;4;3
305;Adrien_mi-22bands-fc-128-NoiseCarrier.wav;Adrien_mi;5;1
306;Adrien_me-4bands-fc-128-NoiseCarrier.wav;Adrien_me;2;2
307;Adrien_me-8bands-fc-128-NoiseCarrier.wav;Adrien_me;3;3
308;Adrien_me-12bands-fc-128-NoiseCarrier.wav;Adrien_me;4;4
309;Adrien_me-16bands-fc-128-NoiseCarrier.wav;Adrien_me;5;2
310;Adrien_me-22bands-fc-128-NoiseCarrier.wav;Adrien_me;1;3
311;Adrien_ma-4bands-fc-128-NoiseCarrier.wav;Adrien_ma;3;4
312;Adrien_ma-8bands-fc-128-NoiseCarrier.wav;Adrien_ma;4;1
313;Adrien_ma-12bands-fc-128-NoiseCarrier.wav;Adrien_ma;5;3
314;Adrien_ma-16bands-fc-128-NoiseCarrier.wav;Adrien_ma;1;4
315;Adrien_ma-22bands-fc-128-NoiseCarrier.wav;Adrien_ma;2;1
316;Adrien_my-4bands-fc-128-NoiseCarrier.wav;Adrien_my;4;2
317;Adrien_my-8bands-fc-128-NoiseCarrier.wav;Adrien_my;5;4
318;Adrien_my-12bands-fc-128-NoiseCarrier.wav;Adrien_my;1;1
319;Adrien_my-16bands-fc-128-NoiseCarrier.wav;Adrien_my;2;2
320;Adrien_my-22bands-fc-128-NoiseCarrier.wav;Adrien_my;3;3
321;Adrien_m2-4bands-fc-128-NoiseCarrier.wav;Adrien_m2;5;1
322;Adrien_m2-8bands-fc-128-NoiseCarrier.wav;Adrien_m2;1;2
323;Adrien_m2-12bands-fc-128-NoiseCarrier.wav;Adrien_m2;2;3
324;Adrien_m2-16bands-fc-128-NoiseCarrier.wav;Adrien_m2;3;4
325;Adrien_m2-22bands-fc-128-NoiseCarrier.wav;Adrien_m2;4;2
326;Adrien_mu-4bands-fc-128-NoiseCarrier.wav;Adrien_mu;1;3
327;Adrien_mu-8bands-fc-128-NoiseCarrier.wav;Adrien_mu;2;4
328;Adrien_mu-12bands-fc-128-NoiseCarrier.wav;Adrien_mu;3;1
329;Adrien_mu-16bands-fc-128-NoiseCarrier.wav;Adrien_mu;4;3
330;Adrien_mu-22bands-fc-128-NoiseCarrier.wav;Adrien_mu;5;4
331;Adrien_mo-4bands-fc-128-NoiseCarrier.wav;Adrien_mo;2;1
332;Adrien_mo-8bands-fc-128-NoiseCarrier.wav;Adrien_mo;3;2
333;Adrien_mo-12bands-fc-128-NoiseCarrier.wav;Adrien_mo;4;4
334;Adrien_mo-16bands-fc-128-NoiseCarrier.wav;Adrien_mo;5;1
335;Adrien_mo-22bands-fc-128-NoiseCarrier.wav;Adrien_mo;1;2
336;Adrien_ma~-4bands-fc-128-NoiseCarrier.wav;Adrien_ma~;3;3
337;Adrien_ma~-8bands-fc-128-NoiseCarrier.wav;Adrien_ma~;4;1
338;Adrien_ma~-12bands-fc-128-NoiseCarrier.wav;Adrien_ma~;5;2
339;Adrien_ma~-16bands-fc-128-NoiseCarrier.wav;Adrien_ma~;1;3
340;Adrien_ma~-22bands-fc-128-NoiseCarrier.wav;Adrien_ma~;2;4
341;Adrien_mo~-4bands-fc-128-NoiseCarrier.wav;Adrien_mo~;4;2
342;Adrien_mo~-8bands-fc-128-NoiseCarrier.wav;Adrien_mo~;5;3
343;Adrien_mo~-12bands-fc-128-NoiseCarrier.wav;Adrien_mo~;1;4
344;Adrien_mo~-16bands-fc-128-NoiseCarrier.wav;Adrien_mo~;2;1
345;Adrien_mo~-22bands-fc-128-NoiseCarrier.wav;Adrien_mo~;3;3
346;Adrien_me~-4bands-fc-128-NoiseCarrier.wav;Adrien_me~;5;4
347;Adrien_me~-8bands-fc-128-NoiseCarrier.wav;Adrien_me~;1;1
348;Adrien_me~-12bands-fc-128-NoiseCarrier.wav;Adrien_me~;2;2
349;Adrien_me~-16bands-fc-128-NoiseCarrier.wav;Adrien_me~;3;4
350;Adrien_me~-22bands-fc-128-NoiseCarrier.wav;Adrien_me~;4;1
351;Adrien_ni-4bands-fc-128-NoiseCarrier.wav;Adrien_ni;1;2
352;Adrien_ni-8bands-fc-128-NoiseCarrier.wav;Adrien_ni;2;3
353;Adrien_ni-12bands-fc-128-NoiseCarrier.wav;Adrien_ni;3;1
354;Adrien_ni-16bands-fc-128-NoiseCarrier.wav;Adrien_ni;4;2
355;Adrien_ni-22bands-fc-128-NoiseCarrier.wav;Adrien_ni;5;3
356;Adrien_ne1-4bands-fc-128-NoiseCarrier.wav;Adrien_ne1;2;4
357;Adrien_ne1-8bands-fc-128-NoiseCarrier.wav;Adrien_ne1;3;2
358;Adrien_ne1-12bands-fc-128-NoiseCarrier.wav;Adrien_ne1;4;3
359;Adrien_ne1-16bands-fc-128-NoiseCarrier.wav;Adrien_ne1;5;4
360;Adrien_ne1-22bands-fc-128-NoiseCarrier.wav;Adrien_ne1;1;1
361;Adrien_na-4bands-fc-128-NoiseCarrier.wav;Adrien_na;3;3
362;Adrien_na-8bands-fc-128-NoiseCarrier.wav;Adrien_na;4;4
363;Adrien_na-12bands-fc-128-NoiseCarrier.wav;Adrien_na;5;1
364;Adrien_na-16bands-fc-128-NoiseCarrier.wav;Adrien_na;1;2
365;Adrien_na-22bands-fc-128-NoiseCarrier.wav;Adrien_na;2;4
366;Adrien_ny-4bands-fc-128-NoiseCarrier.wav;Adrien_ny;4;1
367;Adrien_ny-8bands-fc-128-NoiseCarrier.wav;Adrien_ny;5;2
368;Adrien_ny-12bands-fc-128-NoiseCarrier.wav;Adrien_ny;1;3
369;Adrien_ny-16bands-fc-128-NoiseCarrier.wav;Adrien_ny;2;1
370;Adrien_ny-22bands-fc-128-NoiseCarrier.wav;Adrien_ny;3;2
371;Adrien_n2-4bands-fc-128-NoiseCarrier.wav;Adrien_n2;5;3
372;Adrien_n2-8bands-fc-128-NoiseCarrier.wav;Adrien_n2;1;4
373;Adrien_n2-12bands-fc-128-NoiseCarrier.wav;Adrien_n2;2;2
374;Adrien_n2-16bands-fc-128-NoiseCarrier.wav;Adrien_n2;3;3
375;Adrien_n2-22bands-fc-128-NoiseCarrier.wav;Adrien_n2;4;4
376;Adrien_nu-4bands-fc-128-NoiseCarrier.wav;Adrien_nu;1;1
377;Adrien_nu-8bands-fc-128-NoiseCarrier.wav;Adrien_nu;2;3
378;Adrien_nu-12bands-fc-128-NoiseCarrier.wav;Adrien_nu;3;4
379;Adrien_nu-16bands-fc-128-NoiseCarrier.wav;Adrien_nu;4;1
380;Adrien_nu-22bands-fc-128-NoiseCarrier.wav;Adrien_nu;5;2
381;Adrien_no1-4bands-fc-128-NoiseCarrier.wav;Adrien_no1;2;4
382;Adrien_no1-8bands-fc-128-NoiseCarrier.wav;Adrien_no1;3;1
383;Adrien_no1-12bands-fc-128-NoiseCarrier.wav;Adrien_no1;4;2
384;Adrien_no1-16bands-fc-128-NoiseCarrier.wav;Adrien_no1;5;3
385;Adrien_no1-22bands-fc-128-NoiseCarrier.wav;Adrien_no1;1;1
386;Adrien_na~-4bands-fc-128-NoiseCarrier.wav;Adrien_na~;3;2
387;Adrien_na~-8bands-fc-128-NoiseCarrier.wav;Adrien_na~;4;3
388;Adrien_na~-12bands-fc-128-NoiseCarrier.wav;Adrien_na~;5;4
389;Adrien_na~-16bands-fc-128-NoiseCarrier.wav;Adrien_na~;1;2
390;Adrien_na~-22bands-fc-128-NoiseCarrier.wav;Adrien_na~;2;3
391;Adrien_no~-4bands-fc-128-NoiseCarrier.wav;Adrien_no~;4;4
392;Adrien_no~-8bands-fc-128-NoiseCarrier.wav;Adrien_no~;5;1
393;Adrien_no~-12bands-fc-128-NoiseCarrier.wav;Adrien_no~;1;3
394;Adrien_no~-16bands-fc-128-NoiseCarrier.wav;Adrien_no~;2;4
395;Adrien_no~-22bands-fc-128-NoiseCarrier.wav;Adrien_no~;3;1
396;Adrien_ne~-4bands-fc-128-NoiseCarrier.wav;Adrien_ne~;5;2
397;Adrien_ne~-8bands-fc-128-NoiseCarrier.wav;Adrien_ne~;1;4
398;Adrien_ne~-12bands-fc-128-NoiseCarrier.wav;Adrien_ne~;2;1
399;Adrien_ne~-16bands-fc-128-NoiseCarrier.wav;Adrien_ne~;3;2
400;Adrien_ne~-22bands-fc-128-NoiseCarrier.wav;Adrien_ne~;4;3
401;Julien_bi-4bands-fc-128-NoiseCarrier.wav;Julien_bi;2;2
402;Julien_bi-8bands-fc-128-NoiseCarrier.wav;Julien_bi;3;3
403;Julien_bi-12bands-fc-128-NoiseCarrier.wav;Julien_bi;4;4
404;Julien_bi-16bands-fc-128-NoiseCarrier.wav;Julien_bi;5;1
405;Julien_bi-22bands-fc-128-NoiseCarrier.wav;Julien_bi;1;3
406;Julien_be-4bands-fc-128-NoiseCarrier.wav;Julien_be;3;4
407;Julien_be-8bands-fc-128-NoiseCarrier.wav;Julien_be;4;1
408;Julien_be-12bands-fc-128-NoiseCarrier.wav;Julien_be;5;2
409;Julien_be-16bands-fc-128-NoiseCarrier.wav;Julien_be;1;4
410;Julien_be-22bands-fc-128-NoiseCarrier.wav;Julien_be;2;1
411;Julien_ba-4bands-fc-128-NoiseCarrier.wav;Julien_ba;4;2
412;Julien_ba-8bands-fc-128-NoiseCarrier.wav;Julien_ba;5;3
413;Julien_ba-12bands-fc-128-NoiseCarrier.wav;Julien_ba;1;1
414;Julien_ba-16bands-fc-128-NoiseCarrier.wav;Julien_ba;2;2
415;Julien_ba-22bands-fc-128-NoiseCarrier.wav;Julien_ba;3;3
416;Julien_by-4bands-fc-128-NoiseCarrier.wav;Julien_by;5;4
417;Julien_by-8bands-fc-128-NoiseCarrier.wav;Julien_by;1;2
418;Julien_by-12bands-fc-128-NoiseCarrier.wav;Julien_by;2;3
419;Julien_by-16bands-fc-128-NoiseCarrier.wav;Julien_by;3;4
420;Julien_by-22bands-fc-128-NoiseCarrier.wav;Julien_by;4;1
421;Julien_b2-4bands-fc-128-NoiseCarrier.wav;Julien_b2;1;3
422;Julien_b2-8bands-fc-128-NoiseCarrier.wav;Julien_b2;2;4
423;Julien_b2-12bands-fc-128-NoiseCarrier.wav;Julien_b2;3;1
424;Julien_b2-16bands-fc-128-NoiseCarrier.wav;Julien_b2;4;2
425;Julien_b2-22bands-fc-128-NoiseCarrier.wav;Julien_b2;5;4
426;Julien_bu-4bands-fc-128-NoiseCarrier.wav;Julien_bu;2;1
427;Julien_bu-8bands-fc-128-NoiseCarrier.wav;Julien_bu;3;2
428;Julien_bu-12bands-fc-128-NoiseCarrier.wav;Julien_bu;4;3
429;Julien_bu-16bands-fc-128-NoiseCarrier.wav;Julien_bu;5;1
430;Julien_bu-22bands-fc-128-NoiseCarrier.wav;Julien_bu;1;2
431;Julien_bo1-4bands-fc-128-NoiseCarrier.wav;Julien_bo1;3;3
432;Julien_bo1-8bands-fc-128-NoiseCarrier.wav;Julien_bo1;4;4
433;Julien_bo1-12bands-fc-128-NoiseCarrier.wav;Julien_bo1;5;2
434;Julien_bo1-16bands-fc-128-NoiseCarrier.wav;Julien_bo1;1;3
435;Julien_bo1-22bands-fc-128-NoiseCarrier.wav;Julien_bo1;2;4
436;Julien_ba~-4bands-fc-128-NoiseCarrier.wav;Julien_ba~;4;1
437;Julien_ba~-8bands-fc-128-NoiseCarrier.wav;Julien_ba~;5;3
438;Julien_ba~-12bands-fc-128-NoiseCarrier.wav;Julien_ba~;1;4
439;Julien_ba~-16bands-fc-128-NoiseCarrier.wav;Julien_ba~;2;1
440;Julien_ba~-22bands-fc-128-NoiseCarrier.wav;Julien_ba~;3;2
441;Julien_bo~-4bands-fc-128-NoiseCarrier.wav;Julien_bo~;5;4
442;Julien_bo~-8bands-fc-128-NoiseCarrier.wav;Julien_bo~;1;1
443;Julien_bo~-12bands-fc-128-NoiseCarrier.wav;Julien_bo~;2;2
444;Julien_bo~-16bands-fc-128-NoiseCarrier.wav;Julien_bo~;3;3
445;Julien_bo~-22bands-fc-128-NoiseCarrier.wav;Julien_bo~;4;1
446;Julien_be~-4bands-fc-128-NoiseCarrier.wav;Julien_be~;1;2
447;Julien_be~-8bands-fc-128-NoiseCarrier.wav;Julien_be~;2;3
448;Julien_be~-12bands-fc-128-NoiseCarrier.wav;Julien_be~;3;4
449;Julien_be~-16bands-fc-128-NoiseCarrier.wav;Julien_be~;4;2
450;Julien_be~-22bands-fc-128-NoiseCarrier.wav;Julien_be~;5;3
451;Julien_di-4bands-fc-128-NoiseCarrier.wav;Julien_di;2;4
452;Julien_di-8bands-fc-128-NoiseCarrier.wav;Julien_di;3;1
453;Julien_di-12bands-fc-128-NoiseCarrier.wav;Julien_di;4;3
454;Julien_di-16bands-fc-128-NoiseCarrier.wav;Julien_di;5;4
455;Julien_di-22bands-fc-128-NoiseCarrier.wav;Julien_di;1;1
456;Julien_de1-4bands-fc-128-NoiseCarrier.wav;Julien_de1;3;2
457;Julien_de1-8bands-fc-128-NoiseCarrier.wav;Julien_de1;4;4
458;Julien_de1-12bands-fc-128-NoiseCarrier.wav;Julien_de1;5;1
459;Julien_de1-16bands-fc-128-NoiseCarrier.wav;Julien_de1;1;2
460;Julien_de1-22bands-fc-128-NoiseCarrier.wav;Julien_de1;2;3
461;Julien_da-4bands-fc-128-NoiseCarrier.wav;Julien_da;4;1
462;Julien_da-8bands-fc-128-NoiseCarrier.wav;Julien_da;5;2
463;Julien_da-12bands-fc-128-NoiseCarrier.wav;Julien_da;1;3
464;Julien_da-16bands-fc-128-NoiseCarrier.wav;Julien_da;2;4
465;Julien_da-22bands-fc-128-NoiseCarrier.wav;Julien_da;3;2
466;Julien_dy-4bands-fc-128-NoiseCarrier.wav;Julien_dy;5;3
467;Julien_dy-8bands-fc-128-NoiseCarrier.wav;Julien_dy;1;4
468;Julien_dy-12bands-fc-128-NoiseCarrier.wav;Julien_dy;2;1
469;Julien_dy-16bands-fc-128-NoiseCarrier.wav;Julien_dy;3;3
470;Julien_dy-22bands-fc-128-NoiseCarrier.wav;Julien_dy;4;4
471;Julien_d2-4bands-fc-128-NoiseCarrier.wav;Julien_d2;1;1
472;Julien_d2-8bands-fc-128-NoiseCarrier.wav;Julien_d2;2;2
473;Julien_d2-12bands-fc-128-NoiseCarrier.wav;Julien_d2;3;4
474;Julien_d2-16bands-fc-128-NoiseCarrier.wav;Julien_d2;4;1
475;Julien_d2-22bands-fc-128-NoiseCarrier.wav;Julien_d2;5;2
476;Julien_du-4bands-fc-128-NoiseCarrier.wav;Julien_du;2;3
477;Julien_du-8bands-fc-128-NoiseCarrier.wav;Julien_du;3;1
478;Julien_du-12bands-fc-128-NoiseCarrier.wav;Julien_du;4;2
479;Julien_du-16bands-fc-128-NoiseCarrier.wav;Julien_du;5;3
480;Julien_du-22bands-fc-128-NoiseCarrier.wav;Julien_du;1;4
481;Julien_do-4bands-fc-128-NoiseCarrier.wav;Julien_do;3;2
482;Julien_do-8bands-fc-128-NoiseCarrier.wav;Julien_do;4;3
483;Julien_do-12bands-fc-128-NoiseCarrier.wav;Julien_do;5;4
484;Julien_do-16bands-fc-128-NoiseCarrier.wav;Julien_do;1;1
485;Julien_do-22bands-fc-128-NoiseCarrier.wav;Julien_do;2;3
486;Julien_da~-4bands-fc-128-NoiseCarrier.wav;Julien_da~;4;4
487;Julien_da~-8bands-fc-128-NoiseCarrier.wav;Julien_da~;5;1
488;Julien_da~-12bands-fc-128-NoiseCarrier.wav;Julien_da~;1;2
489;Julien_da~-16bands-fc-128-NoiseCarrier.wav;Julien_da~;2;4
490;Julien_da~-22bands-fc-128-NoiseCarrier.wav;Julien_da~;3;1
491;Julien_do~-4bands-fc-128-NoiseCarrier.wav;Julien_do~;5;2
492;Julien_do~-8bands-fc-128-NoiseCarrier.wav;Julien_do~;1;3
493;Julien_do~-12bands-fc-128-NoiseCarrier.wav;Julien_do~;2;1
494;Julien_do~-16bands-fc-128-NoiseCarrier.wav;Julien_do~;3;2
495;Julien_do~-22bands-fc-128-NoiseCarrier.wav;Julien_do~;4;3
496;Julien_de~-4bands-fc-128-NoiseCarrier.wav;Julien_de~;1;4
497;Julien_de~-8bands-fc-128-NoiseCarrier.wav;Julien_de~;2;2
498;Julien_de~-12bands-fc-128-NoiseCarrier.wav;Julien_de~;3;3
499;Julien_de~-16bands-fc-128-NoiseCarrier.wav;Julien_de~;4;4
500;Julien_de~-22bands-fc-128-NoiseCarrier.wav;Julien_de~;5;1
501;Julien_gi-4bands-fc-128-NoiseCarrier.wav;Julien_gi;2;3
502;Julien_gi-8bands-fc-128-NoiseCarrier.wav;Julien_gi;3;4
503;Julien_gi-12bands-fc-128-NoiseCarrier.wav;Julien_gi;4;1
504;Julien_gi-16bands-fc-128-NoiseCarrier.wav;Julien_gi;5;2
505;Julien_gi-22bands-fc-128-NoiseCarrier.wav;Julien_gi;1;4
506;Julien_ge-4bands-fc-128-NoiseCarrier.wav;Julien_ge;3;1
507;Julien_ge-8bands-fc-128-NoiseCarrier.wav;Julien_ge;4;2
508;Julien_ge-12bands-fc-128-NoiseCarrier.wav;Julien_ge;5;3
509;Julien_ge-16bands-fc-128-NoiseCarrier.wav;Julien_ge;1;1
510;Julien_ge-22bands-fc-128-NoiseCarrier.wav;Julien_ge;2;2
511;Julien_ga-4bands-fc-128-NoiseCarrier.wav;Julien_ga;4;3
512;Julien_ga-8bands-fc-128-NoiseCarrier.wav;Julien_ga;5;4
513;Julien_ga-12bands-fc-128-NoiseCarrier.wav;Julien_ga;1;2
514;Julien_ga-16bands-fc-128-NoiseCarrier.wav;Julien_ga;2;3
515;Julien_ga-22bands-fc-128-NoiseCarrier.wav;Julien_ga;3;4
516;Julien_gy-4bands-fc-128-NoiseCarrier.wav;Julien_gy;5;1
517;Julien_gy-8bands-fc-128-NoiseCarrier.wav;Julien_gy;1;3
518;Julien_gy-12bands-fc-128-NoiseCarrier.wav;Julien_gy;2;4
519;Julien_gy-16bands-fc-128-NoiseCarrier.wav;Julien_gy;3;1
520;Julien_gy-22bands-fc-128-NoiseCarrier.wav;Julien_gy;4;2
521;Julien_g2-4bands-fc-128-NoiseCarrier.wav;Julien_g2;1;4
522;Julien_g2-8bands-fc-128-NoiseCarrier.wav;Julien_g2;2;1
523;Julien_g2-12bands-fc-128-NoiseCarrier.wav;Julien_g2;3;2
524;Julien_g2-16bands-fc-128-NoiseCarrier.wav;Julien_g2;4;3
525;Julien_g2-22bands-fc-128-NoiseCarrier.wav;Julien_g2;5;1
526;Julien_gu-4bands-fc-128-NoiseCarrier.wav;Julien_gu;2;2
527;Julien_gu-8bands-fc-128-NoiseCarrier.wav;Julien_gu;3;3
528;Julien_gu-12bands-fc-128-NoiseCarrier.wav;Julien_gu;4;4
529;Julien_gu-16bands-fc-128-NoiseCarrier.wav;Julien_gu;5;2
530;Julien_gu-22bands-fc-128-NoiseCarrier.wav;Julien_gu;1;3
531;Julien_go-4bands-fc-128-NoiseCarrier.wav;Julien_go;3;4
532;Julien_go-8bands-fc-128-NoiseCarrier.wav;Julien_go;4;1
533;Julien_go-12bands-fc-128-NoiseCarrier.wav;Julien_go;5;3
534;Julien_go-16bands-fc-128-NoiseCarrier.wav;Julien_go;1;4
535;Julien_go-22bands-fc-128-NoiseCarrier.wav;Julien_go;2;1
536;Julien_ga~-4bands-fc-128-NoiseCarrier.wav;Julien_ga~;4;2
537;Julien_ga~-8bands-fc-128-NoiseCarrier.wav;Julien_ga~;5;4
538;Julien_ga~-12bands-fc-128-NoiseCarrier.wav;Julien_ga~;1;1
539;Julien_ga~-16bands-fc-128-NoiseCarrier.wav;Julien_ga~;2;2
540;Julien_ga~-22bands-fc-128-NoiseCarrier.wav;Julien_ga~;3;3
541;Julien_go~-4bands-fc-128-NoiseCarrier.wav;Julien_go~;5;1
542;Julien_go~-8bands-fc-128-NoiseCarrier.wav;Julien_go~;1;2
543;Julien_go~-12bands-fc-128-NoiseCarrier.wav;Julien_go~;2;3
544;Julien_go~-16bands-fc-128-NoiseCarrier.wav;Julien_go~;3;4
545;Julien_go~-22bands-fc-128-NoiseCarrier.wav;Julien_go~;4;2
546;Julien_ge~-4bands-fc-128-NoiseCarrier.wav;Julien_ge~;1;3
547;Julien_ge~-8bands-fc-128-NoiseCarrier.wav;Julien_ge~;2;4
548;Julien_ge~-12bands-fc-128-NoiseCarrier.wav;Julien_ge~;3;1
549;Julien_ge~-16bands-fc-128-NoiseCarrier.wav;Julien_ge~;4;3
550;Julien_ge~-22bands-fc-128-NoiseCarrier.wav;Julien_ge~;5;4
551;Julien_pi-4bands-fc-128-NoiseCarrier.wav;Julien_pi;2;1
552;Julien_pi-8bands-fc-128-NoiseCarrier.wav;Julien_pi;3;2
553;Julien_pi-12bands-fc-128-NoiseCarrier.wav;Julien_pi;4;4
554;Julien_pi-16bands-fc-128-NoiseCarrier.wav;Julien_pi;5;1
555;Julien_pi-22bands-fc-128-NoiseCarrier.wav;Julien_pi;1;2
556;Julien_pe1-4bands-fc-128-NoiseCarrier.wav;Julien_pe1;3;3
557;Julien_pe1-8bands-fc-128-NoiseCarrier.wav;Julien_pe1;4;1
558;Julien_pe1-12bands-fc-128-NoiseCarrier.wav;Julien_pe1;5;2
559;Julien_pe1-16bands-fc-128-NoiseCarrier.wav;Julien_pe1;1;3
560;Julien_pe1-22bands-fc-128-NoiseCarrier.wav;Julien_pe1;2;4
561;Julien_pa-4bands-fc-128-NoiseCarrier.wav;Julien_pa;4;2
562;Julien_pa-8bands-fc-128-NoiseCarrier.wav;Julien_pa;5;3
563;Julien_pa-12bands-fc-128-NoiseCarrier.wav;Julien_pa;1;4
564;Julien_pa-16bands-fc-128-NoiseCarrier.wav;Julien_pa;2;1
565;Julien_pa-22bands-fc-128-NoiseCarrier.wav;Julien_pa;3;3
566;Julien_py-4bands-fc-128-NoiseCarrier.wav;Julien_py;5;4
567;Julien_py-8bands-fc-128-NoiseCarrier.wav;Julien_py;1;1
568;Julien_py-12bands-fc-128-NoiseCarrier.wav;Julien_py;2;2
569;Julien_py-16bands-fc-128-NoiseCarrier.wav;Julien_py;3;4
570;Julien_py-22bands-fc-128-NoiseCarrier.wav;Julien_py;4;1
571;Julien_p2-4bands-fc-128-NoiseCarrier.wav;Julien_p2;1;2
572;Julien_p2-8bands-fc-128-NoiseCarrier.wav;Julien_p2;2;3
573;Julien_p2-12bands-fc-128-NoiseCarrier.wav;Julien_p2;3;1
574;Julien_p2-16bands-fc-128-NoiseCarrier.wav;Julien_p2;4;2
575;Julien_p2-22bands-fc-128-NoiseCarrier.wav;Julien_p2;5;3
576;Julien_pu-4bands-fc-128-NoiseCarrier.wav;Julien_pu;2;4
577;Julien_pu-8bands-fc-128-NoiseCarrier.wav;Julien_pu;3;2
578;Julien_pu-12bands-fc-128-NoiseCarrier.wav;Julien_pu;4;3
579;Julien_pu-16bands-fc-128-NoiseCarrier.wav;Julien_pu;5;4
580;Julien_pu-22bands-fc-128-NoiseCarrier.wav;Julien_pu;1;1
581;Julien_po-4bands-fc-128-NoiseCarrier.wav;Julien_po;3;3
582;Julien_po-8bands-fc-128-NoiseCarrier.wav;Julien_po;4;4
583;Julien_po-12bands-fc-128-NoiseCarrier.wav;Julien_po;5;1
584;Julien_po-16bands-fc-128-NoiseCarrier.wav;Julien_po;1;2
585;Julien_po-22bands-fc-128-NoiseCarrier.wav;Julien_po;2;4
586;Julien_pa~-4bands-fc-128-NoiseCarrier.wav;Julien_pa~;4;1
587;Julien_pa~-8bands-fc-128-NoiseCarrier.wav;Julien_pa~;5;2
588;Julien_pa~-12bands-fc-128-NoiseCarrier.wav;Julien_pa~;1;3
589;Julien_pa~-16bands-fc-128-NoiseCarrier.wav;Julien_pa~;2;1
590;Julien_pa~-22bands-fc-128-NoiseCarrier.wav;Julien_pa~;3;2
591;Julien_po~-4bands-fc-128-NoiseCarrier.wav;Julien_po~;5;3
592;Julien_po~-8bands-fc-128-NoiseCarrier.wav;Julien_po~;1;4
593;Julien_po~-12bands-fc-128-NoiseCarrier.wav;Julien_po~;2;2
594;Julien_po~-16bands-fc-128-NoiseCarrier.wav;Julien_po~;3;3
595;Julien_po~-22bands-fc-128-NoiseCarrier.wav;Julien_po~;4;4
596;Julien_pe~-4bands-fc-128-NoiseCarrier.wav;Julien_pe~;1;1
597;Julien_pe~-8bands-fc-128-NoiseCarrier.wav;Julien_pe~;2;3
598;Julien_pe~-12bands-fc-128-NoiseCarrier.wav;Julien_pe~;3;4
599;Julien_pe~-16bands-fc-128-NoiseCarrier.wav;Julien_pe~;4;1
600;Julien_pe~-22bands-fc-128-NoiseCarrier.wav;Julien_pe~;5;2
601;Julien_ti-4bands-fc-128-NoiseCarrier.wav;Julien_ti;2;4
602;Julien_ti-8bands-fc-128-NoiseCarrier.wav;Julien_ti;3;1
603;Julien_ti-12bands-fc-128-NoiseCarrier.wav;Julien_ti;4;2
604;Julien_ti-16bands-fc-128-NoiseCarrier.wav;Julien_ti;5;3
605;Julien_ti-22bands-fc-128-NoiseCarrier.wav;Julien_ti;1;1
606;Julien_te1-4bands-fc-128-NoiseCarrier.wav;Julien_te1;3;2
607;Julien_te1-8bands-fc-128-NoiseCarrier.wav;Julien_te1;4;3
608;Julien_te1-12bands-fc-128-NoiseCarrier.wav;Julien_te1;5;4
609;Julien_te1-16bands-fc-128-NoiseCarrier.wav;Julien_te1;1;2
610;Julien_te1-22bands-fc-128-NoiseCarrier.wav;Julien_te1;2;3
611;Julien_ta-4bands-fc-128-NoiseCarrier.wav;Julien_ta;4;4
612;Julien_ta-8bands-fc-128-NoiseCarrier.wav;Julien_ta;5;1
613;Julien_ta-12bands-fc-128-NoiseCarrier.wav;Julien_ta;1;3
614;Julien_ta-16bands-fc-128-NoiseCarrier.wav;Julien_ta;2;4
615;Julien_ta-22bands-fc-128-NoiseCarrier.wav;Julien_ta;3;1
616;Julien_ty-4bands-fc-128-NoiseCarrier.wav;Julien_ty;5;2
617;Julien_ty-8bands-fc-128-NoiseCarrier.wav;Julien_ty;1;4
618;Julien_ty-12bands-fc-128-NoiseCarrier.wav;Julien_ty;2;1
619;Julien_ty-16bands-fc-128-NoiseCarrier.wav;Julien_ty;3;2
620;Julien_ty-22bands-fc-128-NoiseCarrier.wav;Julien_ty;4;3
621;Julien_t2-4bands-fc-128-NoiseCarrier.wav;Julien_t2;1;1
622;Julien_t2-8bands-fc-128-NoiseCarrier.wav;Julien_t2;2;2
623;Julien_t2-12bands-fc-128-NoiseCarrier.wav;Julien_t2;3;3
624;Julien_t2-16bands-fc-128-NoiseCarrier.wav;Julien_t2;4;4
625;Julien_t2-22bands-fc-128-NoiseCarrier.wav;Julien_t2;5;2
626;Julien_tu-4bands-fc-128-NoiseCarrier.wav;Julien_tu;2;3
627;Julien_tu-8bands-fc-128-NoiseCarrier.wav;Julien_tu;3;4
628;Julien_tu-12bands-fc-128-NoiseCarrier.wav;Julien_tu;4;1
629;Julien_tu-16bands-fc-128-NoiseCarrier.wav;Julien_tu;5;3
630;Julien_tu-22bands-fc-128-NoiseCarrier.wav;Julien_tu;1;4
631;Julien_to1-4bands-fc-128-NoiseCarrier.wav;Julien_to1;3;1
632;Julien_to1-8bands-fc-128-NoiseCarrier.wav;Julien_to1;4;2
633;Julien_to1-12bands-fc-128-NoiseCarrier.wav;Julien_to1;5;4
634;Julien_to1-16bands-fc-128-NoiseCarrier.wav;Julien_to1;1;1
635;Julien_to1-22bands-fc-128-NoiseCarrier.wav;Julien_to1;2;2
636;Julien_ta~-4bands-fc-128-NoiseCarrier.wav;Julien_ta~;4;3
637;Julien_ta~-8bands-fc-128-NoiseCarrier.wav;Julien_ta~;5;1
638;Julien_ta~-12bands-fc-128-NoiseCarrier.wav;Julien_ta~;1;2
639;Julien_ta~-16bands-fc-128-NoiseCarrier.wav;Julien_ta~;2;3
640;Julien_ta~-22bands-fc-128-NoiseCarrier.wav;Julien_ta~;3;4
641;Julien_to~-4bands-fc-128-NoiseCarrier.wav;Julien_to~;5;2
642;Julien_to~-8bands-fc-128-NoiseCarrier.wav;Julien_to~;1;3
643;Julien_to~-12bands-fc-128-NoiseCarrier.wav;Julien_to~;2;4
644;Julien_to~-16bands-fc-128-NoiseCarrier.wav;Julien_to~;3;1
645;Julien_to~-22bands-fc-128-NoiseCarrier.wav;Julien_to~;4;3
646;Julien_te~-4bands-fc-128-NoiseCarrier.wav;Julien_te~;1;4
647;Julien_te~-8bands-fc-128-NoiseCarrier.wav;Julien_te~;2;1
648;Julien_te~-12bands-fc-128-NoiseCarrier.wav;Julien_te~;3;2
649;Julien_te~-16bands-fc-128-NoiseCarrier.wav;Julien_te~;4;4
650;Julien_te~-22bands-fc-128-NoiseCarrier.wav;Julien_te~;5;1
651;Julien_ki-4bands-fc-128-NoiseCarrier.wav;Julien_ki;2;2
652;Julien_ki-8bands-fc-128-NoiseCarrier.wav;Julien_ki;3;3
653;Julien_ki-12bands-fc-128-NoiseCarrier.wav;Julien_ki;4;1
654;Julien_ki-16bands-fc-128-NoiseCarrier.wav;Julien_ki;5;2
655;Julien_ki-22bands-fc-128-NoiseCarrier.wav;Julien_ki;1;3
656;Julien_ke3-4bands-fc-128-NoiseCarrier.wav;Julien_ke3;3;4
657;Julien_ke3-8bands-fc-128-NoiseCarrier.wav;Julien_ke3;4;2
658;Julien_ke3-12bands-fc-128-NoiseCarrier.wav;Julien_ke3;5;3
659;Julien_ke3-16bands-fc-128-NoiseCarrier.wav;Julien_ke3;1;4
660;Julien_ke3-22bands-fc-128-NoiseCarrier.wav;Julien_ke3;2;1
661;Julien_ka-4bands-fc-128-NoiseCarrier.wav;Julien_ka;4;3
662;Julien_ka-8bands-fc-128-NoiseCarrier.wav;Julien_ka;5;4
663;Julien_ka-12bands-fc-128-NoiseCarrier.wav;Julien_ka;1;1
664;Julien_ka-16bands-fc-128-NoiseCarrier.wav;Julien_ka;2;2
665;Julien_ka-22bands-fc-128-NoiseCarrier.wav;Julien_ka;3;4
666;Julien_ky-4bands-fc-128-NoiseCarrier.wav;Julien_ky;5;1
667;Julien_ky-8bands-fc-128-NoiseCarrier.wav;Julien_ky;1;2
668;Julien_ky-12bands-fc-128-NoiseCarrier.wav;Julien_ky;2;3
669;Julien_ky-16bands-fc-128-NoiseCarrier.wav;Julien_ky;3;1
670;Julien_ky-22bands-fc-128-NoiseCarrier.wav;Julien_ky;4;2
671;Julien_k2-4bands-fc-128-NoiseCarrier.wav;Julien_k2;1;3
672;Julien_k2-8bands-fc-128-NoiseCarrier.wav;Julien_k2;2;4
673;Julien_k2-12bands-fc-128-NoiseCarrier.wav;Julien_k2;3;2
674;Julien_k2-16bands-fc-128-NoiseCarrier.wav;Julien_k2;4;3
675;Julien_k2-22bands-fc-128-NoiseCarrier.wav;Julien_k2;5;4
676;Julien_ku-4bands-fc-128-NoiseCarrier.wav;Julien_ku;2;1
677;Julien_ku-8bands-fc-128-NoiseCarrier.wav;Julien_ku;3;3
678;Julien_ku-12bands-fc-128-NoiseCarrier.wav;Julien_ku;4;4
679;Julien_ku-16bands-fc-128-NoiseCarrier.wav;Julien_ku;5;1
680;Julien_ku-22bands-fc-128-NoiseCarrier.wav;Julien_ku;1;2
681;Julien_ko-4bands-fc-128-NoiseCarrier.wav;Julien_ko;3;4
682;Julien_ko-8bands-fc-128-NoiseCarrier.wav;Julien_ko;4;1
683;Julien_ko-12bands-fc-128-NoiseCarrier.wav;Julien_ko;5;2
684;Julien_ko-16bands-fc-128-NoiseCarrier.wav;Julien_ko;1;3
685;Julien_ko-22bands-fc-128-NoiseCarrier.wav;Julien_ko;2;1
686;Julien_ka~-4bands-fc-128-NoiseCarrier.wav;Julien_ka~;4;2
687;Julien_ka~-8bands-fc-128-NoiseCarrier.wav;Julien_ka~;5;3
688;Julien_ka~-12bands-fc-128-NoiseCarrier.wav;Julien_ka~;1;4
689;Julien_ka~-16bands-fc-128-NoiseCarrier.wav;Julien_ka~;2;2
690;Julien_ka~-22bands-fc-128-NoiseCarrier.wav;Julien_ka~;3;3
691;Julien_ko~-4bands-fc-128-NoiseCarrier.wav;Julien_ko~;5;4
692;Julien_ko~-8bands-fc-128-NoiseCarrier.wav;Julien_ko~;1;1
693;Julien_ko~-12bands-fc-128-NoiseCarrier.wav;Julien_ko~;2;3
694;Julien_ko~-16bands-fc-128-NoiseCarrier.wav;Julien_ko~;3;4
695;Julien_ko~-22bands-fc-128-NoiseCarrier.wav;Julien_ko~;4;1
696;Julien_ke~-4bands-fc-128-NoiseCarrier.wav;Julien_ke~;1;2
697;Julien_ke~-8bands-fc-128-NoiseCarrier.wav;Julien_ke~;2;4
698;Julien_ke~-12bands-fc-128-NoiseCarrier.wav;Julien_ke~;3;1
699;Julien_ke~-16bands-fc-128-NoiseCarrier.wav;Julien_ke~;4;2
700;Julien_ke~-22bands-fc-128-NoiseCarrier.wav;Julien_ke~;5;3
701;Julien_mi-4bands-fc-128-NoiseCarrier.wav;Julien_mi;2;1
702;Julien_mi-8bands-fc-128-NoiseCarrier.wav;Julien_mi;3;2
703;Julien_mi-12bands-fc-128-NoiseCarrier.wav;Julien_mi;4;3
704;Julien_mi-16bands-fc-128-NoiseCarrier.wav;Julien_mi;5;4
705;Julien_mi-22bands-fc-128-NoiseCarrier.wav;Julien_mi;1;2
706;Julien_me1-4bands-fc-128-NoiseCarrier.wav;Julien_me1;3;3
707;Julien_me1-8bands-fc-128-NoiseCarrier.wav;Julien_me1;4;4
708;Julien_me1-12bands-fc-128-NoiseCarrier.wav;Julien_me1;5;1
709;Julien_me1-16bands-fc-128-NoiseCarrier.wav;Julien_me1;1;3
710;Julien_me1-22bands-fc-128-NoiseCarrier.wav;Julien_me1;2;4
711;Julien_ma-4bands-fc-128-NoiseCarrier.wav;Julien_ma;4;1
712;Julien_ma-8bands-fc-128-NoiseCarrier.wav;Julien_ma;5;2
713;Julien_ma-12bands-fc-128-NoiseCarrier.wav;Julien_ma;1;4
714;Julien_ma-16bands-fc-128-NoiseCarrier.wav;Julien_ma;2;1
715;Julien_ma-22bands-fc-128-NoiseCarrier.wav;Julien_ma;3;2
716;Julien_my-4bands-fc-128-NoiseCarrier.wav;Julien_my;5;3
717;Julien_my-8bands-fc-128-NoiseCarrier.wav;Julien_my;1;1
718;Julien_my-12bands-fc-128-NoiseCarrier.wav;Julien_my;2;2
719;Julien_my-16bands-fc-128-NoiseCarrier.wav;Julien_my;3;3
720;Julien_my-22bands-fc-128-NoiseCarrier.wav;Julien_my;4;4
721;Julien_m2-4bands-fc-128-NoiseCarrier.wav;Julien_m2;1;2
722;Julien_m2-8bands-fc-128-NoiseCarrier.wav;Julien_m2;2;3
723;Julien_m2-12bands-fc-128-NoiseCarrier.wav;Julien_m2;3;4
724;Julien_m2-16bands-fc-128-NoiseCarrier.wav;Julien_m2;4;1
725;Julien_m2-22bands-fc-128-NoiseCarrier.wav;Julien_m2;5;3
726;Julien_mu-4bands-fc-128-NoiseCarrier.wav;Julien_mu;2;4
727;Julien_mu-8bands-fc-128-NoiseCarrier.wav;Julien_mu;3;1
728;Julien_mu-12bands-fc-128-NoiseCarrier.wav;Julien_mu;4;2
729;Julien_mu-16bands-fc-128-NoiseCarrier.wav;Julien_mu;5;4
730;Julien_mu-22bands-fc-128-NoiseCarrier.wav;Julien_mu;1;1
731;Julien_mo1-4bands-fc-128-NoiseCarrier.wav;Julien_mo1;3;2
732;Julien_mo1-8bands-fc-128-NoiseCarrier.wav;Julien_mo1;4;3
733;Julien_mo1-12bands-fc-128-NoiseCarrier.wav;Julien_mo1;5;1
734;Julien_mo1-16bands-fc-128-NoiseCarrier.wav;Julien_mo1;1;2
735;Julien_mo1-22bands-fc-128-NoiseCarrier.wav;Julien_mo1;2;3
736;Julien_ma~-4bands-fc-128-NoiseCarrier.wav;Julien_ma~;4;4
737;Julien_ma~-8bands-fc-128-NoiseCarrier.wav;Julien_ma~;5;2
738;Julien_ma~-12bands-fc-128-NoiseCarrier.wav;Julien_ma~;1;3
739;Julien_ma~-16bands-fc-128-NoiseCarrier.wav;Julien_ma~;2;4
740;Julien_ma~-22bands-fc-128-NoiseCarrier.wav;Julien_ma~;3;1
741;Julien_mo~-4bands-fc-128-NoiseCarrier.wav;Julien_mo~;5;3
742;Julien_mo~-8bands-fc-128-NoiseCarrier.wav;Julien_mo~;1;4
743;Julien_mo~-12bands-fc-128-NoiseCarrier.wav;Julien_mo~;2;1
744;Julien_mo~-16bands-fc-128-NoiseCarrier.wav;Julien_mo~;3;2
745;Julien_mo~-22bands-fc-128-NoiseCarrier.wav;Julien_mo~;4;4
746;Julien_me~-4bands-fc-128-NoiseCarrier.wav;Julien_me~;1;1
747;Julien_me~-8bands-fc-128-NoiseCarrier.wav;Julien_me~;2;2
748;Julien_me~-12bands-fc-128-NoiseCarrier.wav;Julien_me~;3;3
749;Julien_me~-16bands-fc-128-NoiseCarrier.wav;Julien_me~;4;1
750;Julien_me~-22bands-fc-128-NoiseCarrier.wav;Julien_me~;5;2
751;Julien_ni-4bands-fc-128-NoiseCarrier.wav;Julien_ni;2;3
752;Julien_ni-8bands-fc-128-NoiseCarrier.wav;Julien_ni;3;4
753;Julien_ni-12bands-fc-128-NoiseCarrier.wav;Julien_ni;4;2
754;Julien_ni-16bands-fc-128-NoiseCarrier.wav;Julien_ni;5;3
755;Julien_ni-22bands-fc-128-NoiseCarrier.wav;Julien_ni;1;4
756;Julien_ne1-4bands-fc-128-NoiseCarrier.wav;Julien_ne1;3;1
757;Julien_ne1-8bands-fc-128-NoiseCarrier.wav;Julien_ne1;4;3
758;Julien_ne1-12bands-fc-128-NoiseCarrier.wav;Julien_ne1;5;4
759;Julien_ne1-16bands-fc-128-NoiseCarrier.wav;Julien_ne1;1;1
760;Julien_ne1-22bands-fc-128-NoiseCarrier.wav;Julien_ne1;2;2
761;Julien_na-4bands-fc-128-NoiseCarrier.wav;Julien_na;4;4
762;Julien_na-8bands-fc-128-NoiseCarrier.wav;Julien_na;5;1
763;Julien_na-12bands-fc-128-NoiseCarrier.wav;Julien_na;1;2
764;Julien_na-16bands-fc-128-NoiseCarrier.wav;Julien_na;2;3
765;Julien_na-22bands-fc-128-NoiseCarrier.wav;Julien_na;3;1
766;Julien_ny-4bands-fc-128-NoiseCarrier.wav;Julien_ny;5;2
767;Julien_ny-8bands-fc-128-NoiseCarrier.wav;Julien_ny;1;3
768;Julien_ny-12bands-fc-128-NoiseCarrier.wav;Julien_ny;2;4
769;Julien_ny-16bands-fc-128-NoiseCarrier.wav;Julien_ny;3;2
770;Julien_ny-22bands-fc-128-NoiseCarrier.wav;Julien_ny;4;3
771;Julien_n2-4bands-fc-128-NoiseCarrier.wav;Julien_n2;1;4
772;Julien_n2-8bands-fc-128-NoiseCarrier.wav;Julien_n2;2;1
773;Julien_n2-12bands-fc-128-NoiseCarrier.wav;Julien_n2;3;3
774;Julien_n2-16bands-fc-128-NoiseCarrier.wav;Julien_n2;4;4
775;Julien_n2-22bands-fc-128-NoiseCarrier.wav;Julien_n2;5;1
776;Julien_nu-4bands-fc-128-NoiseCarrier.wav;Julien_nu;2;2
777;Julien_nu-8bands-fc-128-NoiseCarrier.wav;Julien_nu;3;4
778;Julien_nu-12bands-fc-128-NoiseCarrier.wav;Julien_nu;4;1
779;Julien_nu-16bands-fc-128-NoiseCarrier.wav;Julien_nu;5;2
780;Julien_nu-22bands-fc-128-NoiseCarrier.wav;Julien_nu;1;3
781;Julien_no1-4bands-fc-128-NoiseCarrier.wav;Julien_no1;3;1
782;Julien_no1-8bands-fc-128-NoiseCarrier.wav;Julien_no1;4;2
783;Julien_no1-12bands-fc-128-NoiseCarrier.wav;Julien_no1;5;3
784;Julien_no1-16bands-fc-128-NoiseCarrier.wav;Julien_no1;1;4
785;Julien_no1-22bands-fc-128-NoiseCarrier.wav;Julien_no1;2;2
786;Julien_na~-4bands-fc-128-NoiseCarrier.wav;Julien_na~;4;3
787;Julien_na~-8bands-fc-128-NoiseCarrier.wav;Julien_na~;5;4
788;Julien_na~-12bands-fc-128-NoiseCarrier.wav;Julien_na~;1;1
789;Julien_na~-16bands-fc-128-NoiseCarrier.wav;Julien_na~;2;3
790;Julien_na~-22bands-fc-128-NoiseCarrier.wav;Julien_na~;3;4
791;Julien_no~-4bands-fc-128-NoiseCarrier.wav;Julien_no~;5;1
792;Julien_no~-8bands-fc-128-NoiseCarrier.wav;Julien_no~;1;2
793;Julien_no~-12bands-fc-128-NoiseCarrier.wav;Julien_no~;2;4
794;Julien_no~-16bands-fc-128-NoiseCarrier.wav;Julien_no~;3;1
795;Julien_no~-22bands-fc-128-NoiseCarrier.wav;Julien_no~;4;2
796;Julien_ne~-4bands-fc-128-NoiseCarrier.wav;Julien_ne~;1;3
797;Julien_ne~-8bands-fc-128-NoiseCarrier.wav;Julien_ne~;2;1
798;Julien_ne~-12bands-fc-128-NoiseCarrier.wav;Julien_ne~;3;2
799;Julien_ne~-16bands-fc-128-NoiseCarrier.wav;Julien_ne~;4;3
800;Julien_ne~-22bands-fc-128-NoiseCarrier.wav;Julien_ne~;5;4
801;Sarah_bi-4bands-fc-128-NoiseCarrier.wav;Sarah_bi;3;3
802;Sarah_bi-8bands-fc-128-NoiseCarrier.wav;Sarah_bi;4;4
803;Sarah_bi-12bands-fc-128-NoiseCarrier.wav;Sarah_bi;5;1
804;Sarah_bi-16bands-fc-128-NoiseCarrier.wav;Sarah_bi;1;2
805;Sarah_bi-22bands-fc-128-NoiseCarrier.wav;Sarah_bi;2;4
806;Sarah_be1-4bands-fc-128-NoiseCarrier.wav;Sarah_be1;4;1
807;Sarah_be1-8bands-fc-128-NoiseCarrier.wav;Sarah_be1;5;2
808;Sarah_be1-12bands-fc-128-NoiseCarrier.wav;Sarah_be1;1;3
809;Sarah_be1-16bands-fc-128-NoiseCarrier.wav;Sarah_be1;2;1
810;Sarah_be1-22bands-fc-128-NoiseCarrier.wav;Sarah_be1;3;2
811;Sarah_ba-4bands-fc-128-NoiseCarrier.wav;Sarah_ba;5;3
812;Sarah_ba-8bands-fc-128-NoiseCarrier.wav;Sarah_ba;1;4
813;Sarah_ba-12bands-fc-128-NoiseCarrier.wav;Sarah_ba;2;2
814;Sarah_ba-16bands-fc-128-NoiseCarrier.wav;Sarah_ba;3;3
815;Sarah_ba-22bands-fc-128-NoiseCarrier.wav;Sarah_ba;4;4
816;Sarah_by-4bands-fc-128-NoiseCarrier.wav;Sarah_by;1;1
817;Sarah_by-8bands-fc-128-NoiseCarrier.wav;Sarah_by;2;3
818;Sarah_by-12bands-fc-128-NoiseCarrier.wav;Sarah_by;3;4
819;Sarah_by-16bands-fc-128-NoiseCarrier.wav;Sarah_by;4;1
820;Sarah_by-22bands-fc-128-NoiseCarrier.wav;Sarah_by;5;2
821;Sarah_b2-4bands-fc-128-NoiseCarrier.wav;Sarah_b2;2;4
822;Sarah_b2-8bands-fc-128-NoiseCarrier.wav;Sarah_b2;3;1
823;Sarah_b2-12bands-fc-128-NoiseCarrier.wav;Sarah_b2;4;2
824;Sarah_b2-16bands-fc-128-NoiseCarrier.wav;Sarah_b2;5;3
825;Sarah_b2-22bands-fc-128-NoiseCarrier.wav;Sarah_b2;1;1
826;Sarah_bu-4bands-fc-128-NoiseCarrier.wav;Sarah_bu;3;2
827;Sarah_bu-8bands-fc-128-NoiseCarrier.wav;Sarah_bu;4;3
828;Sarah_bu-12bands-fc-128-NoiseCarrier.wav;Sarah_bu;5;4
829;Sarah_bu-16bands-fc-128-NoiseCarrier.wav;Sarah_bu;1;2
830;Sarah_bu-22bands-fc-128-NoiseCarrier.wav;Sarah_bu;2;3
831;Sarah_bo1-4bands-fc-128-NoiseCarrier.wav;Sarah_bo1;4;4
832;Sarah_bo1-8bands-fc-128-NoiseCarrier.wav;Sarah_bo1;5;1
833;Sarah_bo1-12bands-fc-128-NoiseCarrier.wav;Sarah_bo1;1;3
834;Sarah_bo1-16bands-fc-128-NoiseCarrier.wav;Sarah_bo1;2;4
835;Sarah_bo1-22bands-fc-128-NoiseCarrier.wav;Sarah_bo1;3;1
836;Sarah_ba~-4bands-fc-128-NoiseCarrier.wav;Sarah_ba~;5;2
837;Sarah_ba~-8bands-fc-128-NoiseCarrier.wav;Sarah_ba~;1;4
838;Sarah_ba~-12bands-fc-128-NoiseCarrier.wav;Sarah_ba~;2;1
839;Sarah_ba~-16bands-fc-128-NoiseCarrier.wav;Sarah_ba~;3;2
840;Sarah_ba~-22bands-fc-128-NoiseCarrier.wav;Sarah_ba~;4;3
841;Sarah_bo~-4bands-fc-128-NoiseCarrier.wav;Sarah_bo~;1;1
842;Sarah_bo~-8bands-fc-128-NoiseCarrier.wav;Sarah_bo~;2;2
843;Sarah_bo~-12bands-fc-128-NoiseCarrier.wav;Sarah_bo~;3;3
844;Sarah_bo~-16bands-fc-128-NoiseCarrier.wav;Sarah_bo~;4;4
845;Sarah_bo~-22bands-fc-128-NoiseCarrier.wav;Sarah_bo~;5;2
846;Sarah_be~-4bands-fc-128-NoiseCarrier.wav;Sarah_be~;2;3
847;Sarah_be~-8bands-fc-128-NoiseCarrier.wav;Sarah_be~;3;4
848;Sarah_be~-12bands-fc-128-NoiseCarrier.wav;Sarah_be~;4;1
849;Sarah_be~-16bands-fc-128-NoiseCarrier.wav;Sarah_be~;5;3
850;Sarah_be~-22bands-fc-128-NoiseCarrier.wav;Sarah_be~;1;4
851;Sarah_di-4bands-fc-128-NoiseCarrier.wav;Sarah_di;3;1
852;Sarah_di-8bands-fc-128-NoiseCarrier.wav;Sarah_di;4;2
853;Sarah_di-12bands-fc-128-NoiseCarrier.wav;Sarah_di;5;4
854;Sarah_di-16bands-fc-128-NoiseCarrier.wav;Sarah_di;1;1
855;Sarah_di-22bands-fc-128-NoiseCarrier.wav;Sarah_di;2;2
856;Sarah_de1-4bands-fc-128-NoiseCarrier.wav;Sarah_de1;4;3
857;Sarah_de1-8bands-fc-128-NoiseCarrier.wav;Sarah_de1;5;1
858;Sarah_de1-12bands-fc-128-NoiseCarrier.wav;Sarah_de1;1;2
859;Sarah_de1-16bands-fc-128-NoiseCarrier.wav;Sarah_de1;2;3
860;Sarah_de1-22bands-fc-128-NoiseCarrier.wav;Sarah_de1;3;4
861;Sarah_da-4bands-fc-128-NoiseCarrier.wav;Sarah_da;5;2
862;Sarah_da-8bands-fc-128-NoiseCarrier.wav;Sarah_da;1;3
863;Sarah_da-12bands-fc-128-NoiseCarrier.wav;Sarah_da;2;4
864;Sarah_da-16bands-fc-128-NoiseCarrier.wav;Sarah_da;3;1
865;Sarah_da-22bands-fc-128-NoiseCarrier.wav;Sarah_da;4;3
866;Sarah_dy-4bands-fc-128-NoiseCarrier.wav;Sarah_dy;1;4
867;Sarah_dy-8bands-fc-128-NoiseCarrier.wav;Sarah_dy;2;1
868;Sarah_dy-12bands-fc-128-NoiseCarrier.wav;Sarah_dy;3;2
869;Sarah_dy-16bands-fc-128-NoiseCarrier.wav;Sarah_dy;4;4
870;Sarah_dy-22bands-fc-128-NoiseCarrier.wav;Sarah_dy;5;1
871;Sarah_d2-4bands-fc-128-NoiseCarrier.wav;Sarah_d2;2;2
872;Sarah_d2-8bands-fc-128-NoiseCarrier.wav;Sarah_d2;3;3
873;Sarah_d2-12bands-fc-128-NoiseCarrier.wav;Sarah_d2;4;1
874;Sarah_d2-16bands-fc-128-NoiseCarrier.wav;Sarah_d2;5;2
875;Sarah_d2-22bands-fc-128-NoiseCarrier.wav;Sarah_d2;1;3
876;Sarah_du-4bands-fc-128-NoiseCarrier.wav;Sarah_du;3;4
877;Sarah_du-8bands-fc-128-NoiseCarrier.wav;Sarah_du;4;2
878;Sarah_du-12bands-fc-128-NoiseCarrier.wav;Sarah_du;5;3
879;Sarah_du-16bands-fc-128-NoiseCarrier.wav;Sarah_du;1;4
880;Sarah_du-22bands-fc-128-NoiseCarrier.wav;Sarah_du;2;1
881;Sarah_do1-4bands-fc-128-NoiseCarrier.wav;Sarah_do1;4;3
882;Sarah_do1-8bands-fc-128-NoiseCarrier.wav;Sarah_do1;5;4
883;Sarah_do1-12bands-fc-128-NoiseCarrier.wav;Sarah_do1;1;1
884;Sarah_do1-16bands-fc-128-NoiseCarrier.wav;Sarah_do1;2;2
885;Sarah_do1-22bands-fc-128-NoiseCarrier.wav;Sarah_do1;3;4
886;Sarah_da~-4bands-fc-128-NoiseCarrier.wav;Sarah_da~;5;1
887;Sarah_da~-8bands-fc-128-NoiseCarrier.wav;Sarah_da~;1;2
888;Sarah_da~-12bands-fc-128-NoiseCarrier.wav;Sarah_da~;2;3
889;Sarah_da~-16bands-fc-128-NoiseCarrier.wav;Sarah_da~;3;1
890;Sarah_da~-22bands-fc-128-NoiseCarrier.wav;Sarah_da~;4;2
891;Sarah_do~-4bands-fc-128-NoiseCarrier.wav;Sarah_do~;1;3
892;Sarah_do~-8bands-fc-128-NoiseCarrier.wav;Sarah_do~;2;4
893;Sarah_do~-12bands-fc-128-NoiseCarrier.wav;Sarah_do~;3;2
894;Sarah_do~-16bands-fc-128-NoiseCarrier.wav;Sarah_do~;4;3
895;Sarah_do~-22bands-fc-128-NoiseCarrier.wav;Sarah_do~;5;4
896;Sarah_de~-4bands-fc-128-NoiseCarrier.wav;Sarah_de~;2;1
897;Sarah_de~-8bands-fc-128-NoiseCarrier.wav;Sarah_de~;3;3
898;Sarah_de~-12bands-fc-128-NoiseCarrier.wav;Sarah_de~;4;4
899;Sarah_de~-16bands-fc-128-NoiseCarrier.wav;Sarah_de~;5;1
900;Sarah_de~-22bands-fc-128-NoiseCarrier.wav;Sarah_de~;1;2
901;Sarah_gi-4bands-fc-128-NoiseCarrier.wav;Sarah_gi;3;4
902;Sarah_gi-8bands-fc-128-NoiseCarrier.wav;Sarah_gi;4;1
903;Sarah_gi-12bands-fc-128-NoiseCarrier.wav;Sarah_gi;5;2
904;Sarah_gi-16bands-fc-128-NoiseCarrier.wav;Sarah_gi;1;3
905;Sarah_gi-22bands-fc-128-NoiseCarrier.wav;Sarah_gi;2;1
906;Sarah_ge1-4bands-fc-128-NoiseCarrier.wav;Sarah_ge1;4;2
907;Sarah_ge1-8bands-fc-128-NoiseCarrier.wav;Sarah_ge1;5;3
908;Sarah_ge1-12bands-fc-128-NoiseCarrier.wav;Sarah_ge1;1;4
909;Sarah_ge1-16bands-fc-128-NoiseCarrier.wav;Sarah_ge1;2;2
910;Sarah_ge1-22bands-fc-128-NoiseCarrier.wav;Sarah_ge1;3;3
911;Sarah_ga-4bands-fc-128-NoiseCarrier.wav;Sarah_ga;5;4
912;Sarah_ga-8bands-fc-128-NoiseCarrier.wav;Sarah_ga;1;1
913;Sarah_ga-12bands-fc-128-NoiseCarrier.wav;Sarah_ga;2;3
914;Sarah_ga-16bands-fc-128-NoiseCarrier.wav;Sarah_ga;3;4
915;Sarah_ga-22bands-fc-128-NoiseCarrier.wav;Sarah_ga;4;1
916;Sarah_gy-4bands-fc-128-NoiseCarrier.wav;Sarah_gy;1;2
917;Sarah_gy-8bands-fc-128-NoiseCarrier.wav;Sarah_gy;2;4
918;Sarah_gy-12bands-fc-128-NoiseCarrier.wav;Sarah_gy;3;1
919;Sarah_gy-16bands-fc-128-NoiseCarrier.wav;Sarah_gy;4;2
920;Sarah_gy-22bands-fc-128-NoiseCarrier.wav;Sarah_gy;5;3
921;Sarah_g2-4bands-fc-128-NoiseCarrier.wav;Sarah_g2;2;1
922;Sarah_g2-8bands-fc-128-NoiseCarrier.wav;Sarah_g2;3;2
923;Sarah_g2-12bands-fc-128-NoiseCarrier.wav;Sarah_g2;4;3
924;Sarah_g2-16bands-fc-128-NoiseCarrier.wav;Sarah_g2;5;4
925;Sarah_g2-22bands-fc-128-NoiseCarrier.wav;Sarah_g2;1;2
926;Sarah_gu-4bands-fc-128-NoiseCarrier.wav;Sarah_gu;3;3
927;Sarah_gu-8bands-fc-128-NoiseCarrier.wav;Sarah_gu;4;4
928;Sarah_gu-12bands-fc-128-NoiseCarrier.wav;Sarah_gu;5;1
929;Sarah_gu-16bands-fc-128-NoiseCarrier.wav;Sarah_gu;1;3
930;Sarah_gu-22bands-fc-128-NoiseCarrier.wav;Sarah_gu;2;4
931;Sarah_go-4bands-fc-128-NoiseCarrier.wav;Sarah_go;4;1
932;Sarah_go-8bands-fc-128-NoiseCarrier.wav;Sarah_go;5;2
933;Sarah_go-12bands-fc-128-NoiseCarrier.wav;Sarah_go;1;4
934;Sarah_go-16bands-fc-128-NoiseCarrier.wav;Sarah_go;2;1
935;Sarah_go-22bands-fc-128-NoiseCarrier.wav;Sarah_go;3;2
936;Sarah_ga~-4bands-fc-128-NoiseCarrier.wav;Sarah_ga~;5;3
937;Sarah_ga~-8bands-fc-128-NoiseCarrier.wav;Sarah_ga~;1;1
938;Sarah_ga~-12bands-fc-128-NoiseCarrier.wav;Sarah_ga~;2;2
939;Sarah_ga~-16bands-fc-128-NoiseCarrier.wav;Sarah_ga~;3;3
940;Sarah_ga~-22bands-fc-128-NoiseCarrier.wav;Sarah_ga~;4;4
941;Sarah_go~-4bands-fc-128-NoiseCarrier.wav;Sarah_go~;1;2
942;Sarah_go~-8bands-fc-128-NoiseCarrier.wav;Sarah_go~;2;3
943;Sarah_go~-12bands-fc-128-NoiseCarrier.wav;Sarah_go~;3;4
944;Sarah_go~-16bands-fc-128-NoiseCarrier.wav;Sarah_go~;4;1
945;Sarah_go~-22bands-fc-128-NoiseCarrier.wav;Sarah_go~;5;3
946;Sarah_ge~-4bands-fc-128-NoiseCarrier.wav;Sarah_ge~;2;4
947;Sarah_ge~-8bands-fc-128-NoiseCarrier.wav;Sarah_ge~;3;1
948;Sarah_ge~-12bands-fc-128-NoiseCarrier.wav;Sarah_ge~;4;2
949;Sarah_ge~-16bands-fc-128-NoiseCarrier.wav;Sarah_ge~;5;4
950;Sarah_ge~-22bands-fc-128-NoiseCarrier.wav;Sarah_ge~;1;1
951;Sarah_pi-4bands-fc-128-NoiseCarrier.wav;Sarah_pi;3;2
952;Sarah_pi-8bands-fc-128-NoiseCarrier.wav;Sarah_pi;4;3
953;Sarah_pi-12bands-fc-128-NoiseCarrier.wav;Sarah_pi;5;1
954;Sarah_pi-16bands-fc-128-NoiseCarrier.wav;Sarah_pi;1;2
955;Sarah_pi-22bands-fc-128-NoiseCarrier.wav;Sarah_pi;2;3
956;Sarah_pe-4bands-fc-128-NoiseCarrier.wav;Sarah_pe;4;4
957;Sarah_pe-8bands-fc-128-NoiseCarrier.wav;Sarah_pe;5;2
958;Sarah_pe-12bands-fc-128-NoiseCarrier.wav;Sarah_pe;1;3
959;Sarah_pe-16bands-fc-128-NoiseCarrier.wav;Sarah_pe;2;4
960;Sarah_pe-22bands-fc-128-NoiseCarrier.wav;Sarah_pe;3;1
961;Sarah_pa-4bands-fc-128-NoiseCarrier.wav;Sarah_pa;5;3
962;Sarah_pa-8bands-fc-128-NoiseCarrier.wav;Sarah_pa;1;4
963;Sarah_pa-12bands-fc-128-NoiseCarrier.wav;Sarah_pa;2;1
964;Sarah_pa-16bands-fc-128-NoiseCarrier.wav;Sarah_pa;3;2
965;Sarah_pa-22bands-fc-128-NoiseCarrier.wav;Sarah_pa;4;4
966;Sarah_py-4bands-fc-128-NoiseCarrier.wav;Sarah_py;1;1
967;Sarah_py-8bands-fc-128-NoiseCarrier.wav;Sarah_py;2;2
968;Sarah_py-12bands-fc-128-NoiseCarrier.wav;Sarah_py;3;3
969;Sarah_py-16bands-fc-128-NoiseCarrier.wav;Sarah_py;4;1
970;Sarah_py-22bands-fc-128-NoiseCarrier.wav;Sarah_py;5;2
971;Sarah_p2-4bands-fc-128-NoiseCarrier.wav;Sarah_p2;2;3
972;Sarah_p2-8bands-fc-128-NoiseCarrier.wav;Sarah_p2;3;4
973;Sarah_p2-12bands-fc-128-NoiseCarrier.wav;Sarah_p2;4;2
974;Sarah_p2-16bands-fc-128-NoiseCarrier.wav;Sarah_p2;5;3
975;Sarah_p2-22bands-fc-128-NoiseCarrier.wav;Sarah_p2;1;4
976;Sarah_pu-4bands-fc-128-NoiseCarrier.wav;Sarah_pu;3;1
977;Sarah_pu-8bands-fc-128-NoiseCarrier.wav;Sarah_pu;4;3
978;Sarah_pu-12bands-fc-128-NoiseCarrier.wav;Sarah_pu;5;4
979;Sarah_pu-16bands-fc-128-NoiseCarrier.wav;Sarah_pu;1;1
980;Sarah_pu-22bands-fc-128-NoiseCarrier.wav;Sarah_pu;2;2
981;Sarah_po1-4bands-fc-128-NoiseCarrier.wav;Sarah_po1;4;4
982;Sarah_po1-8bands-fc-128-NoiseCarrier.wav;Sarah_po1;5;1
983;Sarah_po1-12bands-fc-128-NoiseCarrier.wav;Sarah_po1;1;2
984;Sarah_po1-16bands-fc-128-NoiseCarrier.wav;Sarah_po1;2;3
985;Sarah_po1-22bands-fc-128-NoiseCarrier.wav;Sarah_po1;3;1
986;Sarah_pa~-4bands-fc-128-NoiseCarrier.wav;Sarah_pa~;5;2
987;Sarah_pa~-8bands-fc-128-NoiseCarrier.wav;Sarah_pa~;1;3
988;Sarah_pa~-12bands-fc-128-NoiseCarrier.wav;Sarah_pa~;2;4
989;Sarah_pa~-16bands-fc-128-NoiseCarrier.wav;Sarah_pa~;3;2
990;Sarah_pa~-22bands-fc-128-NoiseCarrier.wav;Sarah_pa~;4;3
991;Sarah_po~-4bands-fc-128-NoiseCarrier.wav;Sarah_po~;1;4
992;Sarah_po~-8bands-fc-128-NoiseCarrier.wav;Sarah_po~;2;1
993;Sarah_po~-12bands-fc-128-NoiseCarrier.wav;Sarah_po~;3;3
994;Sarah_po~-16bands-fc-128-NoiseCarrier.wav;Sarah_po~;4;4
995;Sarah_po~-22bands-fc-128-NoiseCarrier.wav;Sarah_po~;5;1
996;Sarah_pe~-4bands-fc-128-NoiseCarrier.wav;Sarah_pe~;2;2
997;Sarah_pe~-8bands-fc-128-NoiseCarrier.wav;Sarah_pe~;3;4
998;Sarah_pe~-12bands-fc-128-NoiseCarrier.wav;Sarah_pe~;4;1
999;Sarah_pe~-16bands-fc-128-NoiseCarrier.wav;Sarah_pe~;5;2
1000;Sarah_pe~-22bands-fc-128-NoiseCarrier.wav;Sarah_pe~;1;3
1001;Sarah_ti-4bands-fc-128-NoiseCarrier.wav;Sarah_ti;3;1
1002;Sarah_ti-8bands-fc-128-NoiseCarrier.wav;Sarah_ti;4;2
1003;Sarah_ti-12bands-fc-128-NoiseCarrier.wav;Sarah_ti;5;3
1004;Sarah_ti-16bands-fc-128-NoiseCarrier.wav;Sarah_ti;1;4
1005;Sarah_ti-22bands-fc-128-NoiseCarrier.wav;Sarah_ti;2;2
1006;Sarah_te-4bands-fc-128-NoiseCarrier.wav;Sarah_te;4;3
1007;Sarah_te-8bands-fc-128-NoiseCarrier.wav;Sarah_te;5;4
1008;Sarah_te-12bands-fc-128-NoiseCarrier.wav;Sarah_te;1;1
1009;Sarah_te-16bands-fc-128-NoiseCarrier.wav;Sarah_te;2;3
1010;Sarah_te-22bands-fc-128-NoiseCarrier.wav;Sarah_te;3;4
1011;Sarah_ta-4bands-fc-128-NoiseCarrier.wav;Sarah_ta;5;1
1012;Sarah_ta-8bands-fc-128-NoiseCarrier.wav;Sarah_ta;1;2
1013;Sarah_ta-12bands-fc-128-NoiseCarrier.wav;Sarah_ta;2;4
1014;Sarah_ta-16bands-fc-128-NoiseCarrier.wav;Sarah_ta;3;1
1015;Sarah_ta-22bands-fc-128-NoiseCarrier.wav;Sarah_ta;4;2
1016;Sarah_ty-4bands-fc-128-NoiseCarrier.wav;Sarah_ty;1;3
1017;Sarah_ty-8bands-fc-128-NoiseCarrier.wav;Sarah_ty;2;1
1018;Sarah_ty-12bands-fc-128-NoiseCarrier.wav;Sarah_ty;3;2
1019;Sarah_ty-16bands-fc-128-NoiseCarrier.wav;Sarah_ty;4;3
1020;Sarah_ty-22bands-fc-128-NoiseCarrier.wav;Sarah_ty;5;4
1021;Sarah_t2-4bands-fc-128-NoiseCarrier.wav;Sarah_t2;2;2
1022;Sarah_t2-8bands-fc-128-NoiseCarrier.wav;Sarah_t2;3;3
1023;Sarah_t2-12bands-fc-128-NoiseCarrier.wav;Sarah_t2;4;4
1024;Sarah_t2-16bands-fc-128-NoiseCarrier.wav;Sarah_t2;5;1
1025;Sarah_t2-22bands-fc-128-NoiseCarrier.wav;Sarah_t2;1;3
1026;Sarah_tu-4bands-fc-128-NoiseCarrier.wav;Sarah_tu;3;4
1027;Sarah_tu-8bands-fc-128-NoiseCarrier.wav;Sarah_tu;4;1
1028;Sarah_tu-12bands-fc-128-NoiseCarrier.wav;Sarah_tu;5;2
1029;Sarah_tu-16bands-fc-128-NoiseCarrier.wav;Sarah_tu;1;4
1030;Sarah_tu-22bands-fc-128-NoiseCarrier.wav;Sarah_tu;2;1
1031;Sarah_to1-4bands-fc-128-NoiseCarrier.wav;Sarah_to1;4;2
1032;Sarah_to1-8bands-fc-128-NoiseCarrier.wav;Sarah_to1;5;3
1033;Sarah_to1-12bands-fc-128-NoiseCarrier.wav;Sarah_to1;1;1
1034;Sarah_to1-16bands-fc-128-NoiseCarrier.wav;Sarah_to1;2;2
1035;Sarah_to1-22bands-fc-128-NoiseCarrier.wav;Sarah_to1;3;3
1036;Sarah_ta~-4bands-fc-128-NoiseCarrier.wav;Sarah_ta~;5;4
1037;Sarah_ta~-8bands-fc-128-NoiseCarrier.wav;Sarah_ta~;1;2
1038;Sarah_ta~-12bands-fc-128-NoiseCarrier.wav;Sarah_ta~;2;3
1039;Sarah_ta~-16bands-fc-128-NoiseCarrier.wav;Sarah_ta~;3;4
1040;Sarah_ta~-22bands-fc-128-NoiseCarrier.wav;Sarah_ta~;4;1
1041;Sarah_to~-4bands-fc-128-NoiseCarrier.wav;Sarah_to~;1;3
1042;Sarah_to~-8bands-fc-128-NoiseCarrier.wav;Sarah_to~;2;4
1043;Sarah_to~-12bands-fc-128-NoiseCarrier.wav;Sarah_to~;3;1
1044;Sarah_to~-16bands-fc-128-NoiseCarrier.wav;Sarah_to~;4;2
1045;Sarah_to~-22bands-fc-128-NoiseCarrier.wav;Sarah_to~;5;4
1046;Sarah_te~-4bands-fc-128-NoiseCarrier.wav;Sarah_te~;2;1
1047;Sarah_te~-8bands-fc-128-NoiseCarrier.wav;Sarah_te~;3;2
1048;Sarah_te~-12bands-fc-128-NoiseCarrier.wav;Sarah_te~;4;3
1049;Sarah_te~-16bands-fc-128-NoiseCarrier.wav;Sarah_te~;5;1
1050;Sarah_te~-22bands-fc-128-NoiseCarrier.wav;Sarah_te~;1;2
1051;Sarah_ki-4bands-fc-128-NoiseCarrier.wav;Sarah_ki;3;3
1052;Sarah_ki-8bands-fc-128-NoiseCarrier.wav;Sarah_ki;4;4
1053;Sarah_ki-12bands-fc-128-NoiseCarrier.wav;Sarah_ki;5;2
1054;Sarah_ki-16bands-fc-128-NoiseCarrier.wav;Sarah_ki;1;3
1055;Sarah_ki-22bands-fc-128-NoiseCarrier.wav;Sarah_ki;2;4
1056;Sarah_ke-4bands-fc-128-NoiseCarrier.wav;Sarah_ke;4;1
1057;Sarah_ke-8bands-fc-128-NoiseCarrier.wav;Sarah_ke;5;3
1058;Sarah_ke-12bands-fc-128-NoiseCarrier.wav;Sarah_ke;1;4
1059;Sarah_ke-16bands-fc-128-NoiseCarrier.wav;Sarah_ke;2;1
1060;Sarah_ke-22bands-fc-128-NoiseCarrier.wav;Sarah_ke;3;2
1061;Sarah_ka-4bands-fc-128-NoiseCarrier.wav;Sarah_ka;5;4
1062;Sarah_ka-8bands-fc-128-NoiseCarrier.wav;Sarah_ka;1;1
1063;Sarah_ka-12bands-fc-128-NoiseCarrier.wav;Sarah_ka;2;2
1064;Sarah_ka-16bands-fc-128-NoiseCarrier.wav;Sarah_ka;3;3
1065;Sarah_ka-22bands-fc-128-NoiseCarrier.wav;Sarah_ka;4;1
1066;Sarah_ky-4bands-fc-128-NoiseCarrier.wav;Sarah_ky;1;2
1067;Sarah_ky-8bands-fc-128-NoiseCarrier.wav;Sarah_ky;2;3
1068;Sarah_ky-12bands-fc-128-NoiseCarrier.wav;Sarah_ky;3;4
1069;Sarah_ky-16bands-fc-128-NoiseCarrier.wav;Sarah_ky;4;2
1070;Sarah_ky-22bands-fc-128-NoiseCarrier.wav;Sarah_ky;5;3
1071;Sarah_k2-4bands-fc-128-NoiseCarrier.wav;Sarah_k2;2;4
1072;Sarah_k2-8bands-fc-128-NoiseCarrier.wav;Sarah_k2;3;1
1073;Sarah_k2-12bands-fc-128-NoiseCarrier.wav;Sarah_k2;4;3
1074;Sarah_k2-16bands-fc-128-NoiseCarrier.wav;Sarah_k2;5;4
1075;Sarah_k2-22bands-fc-128-NoiseCarrier.wav;Sarah_k2;1;1
1076;Sarah_ku-4bands-fc-128-NoiseCarrier.wav;Sarah_ku;3;2
1077;Sarah_ku-8bands-fc-128-NoiseCarrier.wav;Sarah_ku;4;4
1078;Sarah_ku-12bands-fc-128-NoiseCarrier.wav;Sarah_ku;5;1
1079;Sarah_ku-16bands-fc-128-NoiseCarrier.wav;Sarah_ku;1;2
1080;Sarah_ku-22bands-fc-128-NoiseCarrier.wav;Sarah_ku;2;3
1081;Sarah_ko1-4bands-fc-128-NoiseCarrier.wav;Sarah_ko1;4;1
1082;Sarah_ko1-8bands-fc-128-NoiseCarrier.wav;Sarah_ko1;5;2
1083;Sarah_ko1-12bands-fc-128-NoiseCarrier.wav;Sarah_ko1;1;3
1084;Sarah_ko1-16bands-fc-128-NoiseCarrier.wav;Sarah_ko1;2;4
1085;Sarah_ko1-22bands-fc-128-NoiseCarrier.wav;Sarah_ko1;3;2
1086;Sarah_ka~-4bands-fc-128-NoiseCarrier.wav;Sarah_ka~;5;3
1087;Sarah_ka~-8bands-fc-128-NoiseCarrier.wav;Sarah_ka~;1;4
1088;Sarah_ka~-12bands-fc-128-NoiseCarrier.wav;Sarah_ka~;2;1
1089;Sarah_ka~-16bands-fc-128-NoiseCarrier.wav;Sarah_ka~;3;3
1090;Sarah_ka~-22bands-fc-128-NoiseCarrier.wav;Sarah_ka~;4;4
1091;Sarah_ko~-4bands-fc-128-NoiseCarrier.wav;Sarah_ko~;1;1
1092;Sarah_ko~-8bands-fc-128-NoiseCarrier.wav;Sarah_ko~;2;2
1093;Sarah_ko~-12bands-fc-128-NoiseCarrier.wav;Sarah_ko~;3;4
1094;Sarah_ko~-16bands-fc-128-NoiseCarrier.wav;Sarah_ko~;4;1
1095;Sarah_ko~-22bands-fc-128-NoiseCarrier.wav;Sarah_ko~;5;2
1096;Sarah_ke~-4bands-fc-128-NoiseCarrier.wav;Sarah_ke~;2;3
1097;Sarah_ke~-8bands-fc-128-NoiseCarrier.wav;Sarah_ke~;3;1
1098;Sarah_ke~-12bands-fc-128-NoiseCarrier.wav;Sarah_ke~;4;2
1099;Sarah_ke~-16bands-fc-128-NoiseCarrier.wav;Sarah_ke~;5;3
1100;Sarah_ke~-22bands-fc-128-NoiseCarrier.wav;Sarah_ke~;1;4
1101;Sarah_mi-4bands-fc-128-NoiseCarrier.wav;Sarah_mi;3;2
1102;Sarah_mi-8bands-fc-128-NoiseCarrier.wav;Sarah_mi;4;3
1103;Sarah_mi-12bands-fc-128-NoiseCarrier.wav;Sarah_mi;5;4
1104;Sarah_mi-16bands-fc-128-NoiseCarrier.wav;Sarah_mi;1;1
1105;Sarah_mi-22bands-fc-128-NoiseCarrier.wav;Sarah_mi;2;3
1106;Sarah_me-4bands-fc-128-NoiseCarrier.wav;Sarah_me;4;4
1107;Sarah_me-8bands-fc-128-NoiseCarrier.wav;Sarah_me;5;1
1108;Sarah_me-12bands-fc-128-NoiseCarrier.wav;Sarah_me;1;2
1109;Sarah_me-16bands-fc-128-NoiseCarrier.wav;Sarah_me;2;4
1110;Sarah_me-22bands-fc-128-NoiseCarrier.wav;Sarah_me;3;1
1111;Sarah_ma-4bands-fc-128-NoiseCarrier.wav;Sarah_ma;5;2
1112;Sarah_ma-8bands-fc-128-NoiseCarrier.wav;Sarah_ma;1;3
1113;Sarah_ma-12bands-fc-128-NoiseCarrier.wav;Sarah_ma;2;1
1114;Sarah_ma-16bands-fc-128-NoiseCarrier.wav;Sarah_ma;3;2
1115;Sarah_ma-22bands-fc-128-NoiseCarrier.wav;Sarah_ma;4;3
1116;Sarah_my-4bands-fc-128-NoiseCarrier.wav;Sarah_my;1;4
1117;Sarah_my-8bands-fc-128-NoiseCarrier.wav;Sarah_my;2;2
1118;Sarah_my-12bands-fc-128-NoiseCarrier.wav;Sarah_my;3;3
1119;Sarah_my-16bands-fc-128-NoiseCarrier.wav;Sarah_my;4;4
1120;Sarah_my-22bands-fc-128-NoiseCarrier.wav;Sarah_my;5;1
1121;Sarah_m2-4bands-fc-128-NoiseCarrier.wav;Sarah_m2;2;3
1122;Sarah_m2-8bands-fc-128-NoiseCarrier.wav;Sarah_m2;3;4
1123;Sarah_m2-12bands-fc-128-NoiseCarrier.wav;Sarah_m2;4;1
1124;Sarah_m2-16bands-fc-128-NoiseCarrier.wav;Sarah_m2;5;2
1125;Sarah_m2-22bands-fc-128-NoiseCarrier.wav;Sarah_m2;1;4
1126;Sarah_mu-4bands-fc-128-NoiseCarrier.wav;Sarah_mu;3;1
1127;Sarah_mu-8bands-fc-128-NoiseCarrier.wav;Sarah_mu;4;2
1128;Sarah_mu-12bands-fc-128-NoiseCarrier.wav;Sarah_mu;5;3
1129;Sarah_mu-16bands-fc-128-NoiseCarrier.wav;Sarah_mu;1;1
1130;Sarah_mu-22bands-fc-128-NoiseCarrier.wav;Sarah_mu;2;2
1131;Sarah_mo-4bands-fc-128-NoiseCarrier.wav;Sarah_mo;4;3
1132;Sarah_mo-8bands-fc-128-NoiseCarrier.wav;Sarah_mo;5;4
1133;Sarah_mo-12bands-fc-128-NoiseCarrier.wav;Sarah_mo;1;2
1134;Sarah_mo-16bands-fc-128-NoiseCarrier.wav;Sarah_mo;2;3
1135;Sarah_mo-22bands-fc-128-NoiseCarrier.wav;Sarah_mo;3;4
1136;Sarah_ma~-4bands-fc-128-NoiseCarrier.wav;Sarah_ma~;5;1
1137;Sarah_ma~-8bands-fc-128-NoiseCarrier.wav;Sarah_ma~;1;3
1138;Sarah_ma~-12bands-fc-128-NoiseCarrier.wav;Sarah_ma~;2;4
1139;Sarah_ma~-16bands-fc-128-NoiseCarrier.wav;Sarah_ma~;3;1
1140;Sarah_ma~-22bands-fc-128-NoiseCarrier.wav;Sarah_ma~;4;2
1141;Sarah_mo~-4bands-fc-128-NoiseCarrier.wav;Sarah_mo~;1;4
1142;Sarah_mo~-8bands-fc-128-NoiseCarrier.wav;Sarah_mo~;2;1
1143;Sarah_mo~-12bands-fc-128-NoiseCarrier.wav;Sarah_mo~;3;2
1144;Sarah_mo~-16bands-fc-128-NoiseCarrier.wav;Sarah_mo~;4;3
1145;Sarah_mo~-22bands-fc-128-NoiseCarrier.wav;Sarah_mo~;5;1
1146;Sarah_me~-4bands-fc-128-NoiseCarrier.wav;Sarah_me~;2;2
1147;Sarah_me~-8bands-fc-128-NoiseCarrier.wav;Sarah_me~;3;3
1148;Sarah_me~-12bands-fc-128-NoiseCarrier.wav;Sarah_me~;4;4
1149;Sarah_me~-16bands-fc-128-NoiseCarrier.wav;Sarah_me~;5;2
1150;Sarah_me~-22bands-fc-128-NoiseCarrier.wav;Sarah_me~;1;3
1151;Sarah_ni-4bands-fc-128-NoiseCarrier.wav;Sarah_ni;3;4
1152;Sarah_ni-8bands-fc-128-NoiseCarrier.wav;Sarah_ni;4;1
1153;Sarah_ni-12bands-fc-128-NoiseCarrier.wav;Sarah_ni;5;3
1154;Sarah_ni-16bands-fc-128-NoiseCarrier.wav;Sarah_ni;1;4
1155;Sarah_ni-22bands-fc-128-NoiseCarrier.wav;Sarah_ni;2;1
1156;Sarah_ne1-4bands-fc-128-NoiseCarrier.wav;Sarah_ne1;4;2
1157;Sarah_ne1-8bands-fc-128-NoiseCarrier.wav;Sarah_ne1;5;4
1158;Sarah_ne1-12bands-fc-128-NoiseCarrier.wav;Sarah_ne1;1;1
1159;Sarah_ne1-16bands-fc-128-NoiseCarrier.wav;Sarah_ne1;2;2
1160;Sarah_ne1-22bands-fc-128-NoiseCarrier.wav;Sarah_ne1;3;3
1161;Sarah_na-4bands-fc-128-NoiseCarrier.wav;Sarah_na;5;1
1162;Sarah_na-8bands-fc-128-NoiseCarrier.wav;Sarah_na;1;2
1163;Sarah_na-12bands-fc-128-NoiseCarrier.wav;Sarah_na;2;3
1164;Sarah_na-16bands-fc-128-NoiseCarrier.wav;Sarah_na;3;4
1165;Sarah_na-22bands-fc-128-NoiseCarrier.wav;Sarah_na;4;2
1166;Sarah_ny-4bands-fc-128-NoiseCarrier.wav;Sarah_ny;1;3
1167;Sarah_ny-8bands-fc-128-NoiseCarrier.wav;Sarah_ny;2;4
1168;Sarah_ny-12bands-fc-128-NoiseCarrier.wav;Sarah_ny;3;1
1169;Sarah_ny-16bands-fc-128-NoiseCarrier.wav;Sarah_ny;4;3
1170;Sarah_ny-22bands-fc-128-NoiseCarrier.wav;Sarah_ny;5;4
1171;Sarah_n2-4bands-fc-128-NoiseCarrier.wav;Sarah_n2;2;1
1172;Sarah_n2-8bands-fc-128-NoiseCarrier.wav;Sarah_n2;3;2
1173;Sarah_n2-12bands-fc-128-NoiseCarrier.wav;Sarah_n2;4;4
1174;Sarah_n2-16bands-fc-128-NoiseCarrier.wav;Sarah_n2;5;1
1175;Sarah_n2-22bands-fc-128-NoiseCarrier.wav;Sarah_n2;1;2
1176;Sarah_nu-4bands-fc-128-NoiseCarrier.wav;Sarah_nu;3;3
1177;Sarah_nu-8bands-fc-128-NoiseCarrier.wav;Sarah_nu;4;1
1178;Sarah_nu-12bands-fc-128-NoiseCarrier.wav;Sarah_nu;5;2
1179;Sarah_nu-16bands-fc-128-NoiseCarrier.wav;Sarah_nu;1;3
1180;Sarah_nu-22bands-fc-128-NoiseCarrier.wav;Sarah_nu;2;4
1181;Sarah_no1-4bands-fc-128-NoiseCarrier.wav;Sarah_no1;4;2
1182;Sarah_no1-8bands-fc-128-NoiseCarrier.wav;Sarah_no1;5;3
1183;Sarah_no1-12bands-fc-128-NoiseCarrier.wav;Sarah_no1;1;4
1184;Sarah_no1-16bands-fc-128-NoiseCarrier.wav;Sarah_no1;2;1
1185;Sarah_no1-22bands-fc-128-NoiseCarrier.wav;Sarah_no1;3;3
1186;Sarah_na~-4bands-fc-128-NoiseCarrier.wav;Sarah_na~;5;4
1187;Sarah_na~-8bands-fc-128-NoiseCarrier.wav;Sarah_na~;1;1
1188;Sarah_na~-12bands-fc-128-NoiseCarrier.wav;Sarah_na~;2;2
1189;Sarah_na~-16bands-fc-128-NoiseCarrier.wav;Sarah_na~;3;4
1190;Sarah_na~-22bands-fc-128-NoiseCarrier.wav;Sarah_na~;4;1
1191;Sarah_no~-4bands-fc-128-NoiseCarrier.wav;Sarah_no~;1;2
1192;Sarah_no~-8bands-fc-128-NoiseCarrier.wav;Sarah_no~;2;3
1193;Sarah_no~-12bands-fc-128-NoiseCarrier.wav;Sarah_no~;3;1
1194;Sarah_no~-16bands-fc-128-NoiseCarrier.wav;Sarah_no~;4;2
1195;Sarah_no~-22bands-fc-128-NoiseCarrier.wav;Sarah_no~;5;3
1196;Sarah_ne~-4bands-fc-128-NoiseCarrier.wav;Sarah_ne~;2;4
1197;Sarah_ne~-8bands-fc-128-NoiseCarrier.wav;Sarah_ne~;3;2
1198;Sarah_ne~-12bands-fc-128-NoiseCarrier.wav;Sarah_ne~;4;3
1199;Sarah_ne~-16bands-fc-128-NoiseCarrier.wav;Sarah_ne~;5;4
1200;Sarah_ne~-22bands-fc-128-NoiseCarrier.wav;Sarah_ne~;1;1
1201;Samantha_bi-4bands-fc-128-NoiseCarrier.wav;Samantha_bi;4;4
1202;Samantha_bi-8bands-fc-128-NoiseCarrier.wav;Samantha_bi;5;1
1203;Samantha_bi-12bands-fc-128-NoiseCarrier.wav;Samantha_bi;1;2
1204;Samantha_bi-16bands-fc-128-NoiseCarrier.wav;Samantha_bi;2;3
1205;Samantha_bi-22bands-fc-128-NoiseCarrier.wav;Samantha_bi;3;1
1206;Samantha_be1-4bands-fc-128-NoiseCarrier.wav;Samantha_be1;5;2
1207;Samantha_be1-8bands-fc-128-NoiseCarrier.wav;Samantha_be1;1;3
1208;Samantha_be1-12bands-fc-128-NoiseCarrier.wav;Samantha_be1;2;4
1209;Samantha_be1-16bands-fc-128-NoiseCarrier.wav;Samantha_be1;3;2
1210;Samantha_be1-22bands-fc-128-NoiseCarrier.wav;Samantha_be1;4;3
1211;Samantha_ba-4bands-fc-128-NoiseCarrier.wav;Samantha_ba;1;4
1212;Samantha_ba-8bands-fc-128-NoiseCarrier.wav;Samantha_ba;2;1
1213;Samantha_ba-12bands-fc-128-NoiseCarrier.wav;Samantha_ba;3;3
1214;Samantha_ba-16bands-fc-128-NoiseCarrier.wav;Samantha_ba;4;4
1215;Samantha_ba-22bands-fc-128-NoiseCarrier.wav;Samantha_ba;5;1
1216;Samantha_by-4bands-fc-128-NoiseCarrier.wav;Samantha_by;2;2
1217;Samantha_by-8bands-fc-128-NoiseCarrier.wav;Samantha_by;3;4
1218;Samantha_by-12bands-fc-128-NoiseCarrier.wav;Samantha_by;4;1
1219;Samantha_by-16bands-fc-128-NoiseCarrier.wav;Samantha_by;5;2
1220;Samantha_by-22bands-fc-128-NoiseCarrier.wav;Samantha_by;1;3
1221;Samantha_b2-4bands-fc-128-NoiseCarrier.wav;Samantha_b2;3;1
1222;Samantha_b2-8bands-fc-128-NoiseCarrier.wav;Samantha_b2;4;2
1223;Samantha_b2-12bands-fc-128-NoiseCarrier.wav;Samantha_b2;5;3
1224;Samantha_b2-16bands-fc-128-NoiseCarrier.wav;Samantha_b2;1;4
1225;Samantha_b2-22bands-fc-128-NoiseCarrier.wav;Samantha_b2;2;2
1226;Samantha_bu-4bands-fc-128-NoiseCarrier.wav;Samantha_bu;4;3
1227;Samantha_bu-8bands-fc-128-NoiseCarrier.wav;Samantha_bu;5;4
1228;Samantha_bu-12bands-fc-128-NoiseCarrier.wav;Samantha_bu;1;1
1229;Samantha_bu-16bands-fc-128-NoiseCarrier.wav;Samantha_bu;2;3
1230;Samantha_bu-22bands-fc-128-NoiseCarrier.wav;Samantha_bu;3;4
1231;Samantha_bo1-4bands-fc-128-NoiseCarrier.wav;Samantha_bo1;5;1
1232;Samantha_bo1-8bands-fc-128-NoiseCarrier.wav;Samantha_bo1;1;2
1233;Samantha_bo1-12bands-fc-128-NoiseCarrier.wav;Samantha_bo1;2;4
1234;Samantha_bo1-16bands-fc-128-NoiseCarrier.wav;Samantha_bo1;3;1
1235;Samantha_bo1-22bands-fc-128-NoiseCarrier.wav;Samantha_bo1;4;2
1236;Samantha_ba~-4bands-fc-128-NoiseCarrier.wav;Samantha_ba~;1;3
1237;Samantha_ba~-8bands-fc-128-NoiseCarrier.wav;Samantha_ba~;2;1
1238;Samantha_ba~-12bands-fc-128-NoiseCarrier.wav;Samantha_ba~;3;2
1239;Samantha_ba~-16bands-fc-128-NoiseCarrier.wav;Samantha_ba~;4;3
1240;Samantha_ba~-22bands-fc-128-NoiseCarrier.wav;Samantha_ba~;5;4
1241;Samantha_bo~-4bands-fc-128-NoiseCarrier.wav;Samantha_bo~;2;2
1242;Samantha_bo~-8bands-fc-128-NoiseCarrier.wav;Samantha_bo~;3;3
1243;Samantha_bo~-12bands-fc-128-NoiseCarrier.wav;Samantha_bo~;4;4
1244;Samantha_bo~-16bands-fc-128-NoiseCarrier.wav;Samantha_bo~;5;1
1245;Samantha_bo~-22bands-fc-128-NoiseCarrier.wav;Samantha_bo~;1;3
1246;Samantha_be~-4bands-fc-128-NoiseCarrier.wav;Samantha_be~;3;4
1247;Samantha_be~-8bands-fc-128-NoiseCarrier.wav;Samantha_be~;4;1
1248;Samantha_be~-12bands-fc-128-NoiseCarrier.wav;Samantha_be~;5;2
1249;Samantha_be~-16bands-fc-128-NoiseCarrier.wav;Samantha_be~;1;4
1250;Samantha_be~-22bands-fc-128-NoiseCarrier.wav;Samantha_be~;2;1
1251;Samantha_di-4bands-fc-128-NoiseCarrier.wav;Samantha_di;4;2
1252;Samantha_di-8bands-fc-128-NoiseCarrier.wav;Samantha_di;5;3
1253;Samantha_di-12bands-fc-128-NoiseCarrier.wav;Samantha_di;1;1
1254;Samantha_di-16bands-fc-128-NoiseCarrier.wav;Samantha_di;2;2
1255;Samantha_di-22bands-fc-128-NoiseCarrier.wav;Samantha_di;3;3
1256;Samantha_de1-4bands-fc-128-NoiseCarrier.wav;Samantha_de1;5;4
1257;Samantha_de1-8bands-fc-128-NoiseCarrier.wav;Samantha_de1;1;2
1258;Samantha_de1-12bands-fc-128-NoiseCarrier.wav;Samantha_de1;2;3
1259;Samantha_de1-16bands-fc-128-NoiseCarrier.wav;Samantha_de1;3;4
1260;Samantha_de1-22bands-fc-128-NoiseCarrier.wav;Samantha_de1;4;1
1261;Samantha_da-4bands-fc-128-NoiseCarrier.wav;Samantha_da;1;3
1262;Samantha_da-8bands-fc-128-NoiseCarrier.wav;Samantha_da;2;4
1263;Samantha_da-12bands-fc-128-NoiseCarrier.wav;Samantha_da;3;1
1264;Samantha_da-16bands-fc-128-NoiseCarrier.wav;Samantha_da;4;2
1265;Samantha_da-22bands-fc-128-NoiseCarrier.wav;Samantha_da;5;4
1266;Samantha_dy-4bands-fc-128-NoiseCarrier.wav;Samantha_dy;2;1
1267;Samantha_dy-8bands-fc-128-NoiseCarrier.wav;Samantha_dy;3;2
1268;Samantha_dy-12bands-fc-128-NoiseCarrier.wav;Samantha_dy;4;3
1269;Samantha_dy-16bands-fc-128-NoiseCarrier.wav;Samantha_dy;5;1
1270;Samantha_dy-22bands-fc-128-NoiseCarrier.wav;Samantha_dy;1;2
1271;Samantha_d2-4bands-fc-128-NoiseCarrier.wav;Samantha_d2;3;3
1272;Samantha_d2-8bands-fc-128-NoiseCarrier.wav;Samantha_d2;4;4
1273;Samantha_d2-12bands-fc-128-NoiseCarrier.wav;Samantha_d2;5;2
1274;Samantha_d2-16bands-fc-128-NoiseCarrier.wav;Samantha_d2;1;3
1275;Samantha_d2-22bands-fc-128-NoiseCarrier.wav;Samantha_d2;2;4
1276;Samantha_du-4bands-fc-128-NoiseCarrier.wav;Samantha_du;4;1
1277;Samantha_du-8bands-fc-128-NoiseCarrier.wav;Samantha_du;5;3
1278;Samantha_du-12bands-fc-128-NoiseCarrier.wav;Samantha_du;1;4
1279;Samantha_du-16bands-fc-128-NoiseCarrier.wav;Samantha_du;2;1
1280;Samantha_du-22bands-fc-128-NoiseCarrier.wav;Samantha_du;3;2
1281;Samantha_do1-4bands-fc-128-NoiseCarrier.wav;Samantha_do1;5;4
1282;Samantha_do1-8bands-fc-128-NoiseCarrier.wav;Samantha_do1;1;1
1283;Samantha_do1-12bands-fc-128-NoiseCarrier.wav;Samantha_do1;2;2
1284;Samantha_do1-16bands-fc-128-NoiseCarrier.wav;Samantha_do1;3;3
1285;Samantha_do1-22bands-fc-128-NoiseCarrier.wav;Samantha_do1;4;1
1286;Samantha_da~-4bands-fc-128-NoiseCarrier.wav;Samantha_da~;1;2
1287;Samantha_da~-8bands-fc-128-NoiseCarrier.wav;Samantha_da~;2;3
1288;Samantha_da~-12bands-fc-128-NoiseCarrier.wav;Samantha_da~;3;4
1289;Samantha_da~-16bands-fc-128-NoiseCarrier.wav;Samantha_da~;4;2
1290;Samantha_da~-22bands-fc-128-NoiseCarrier.wav;Samantha_da~;5;3
1291;Samantha_do~-4bands-fc-128-NoiseCarrier.wav;Samantha_do~;2;4
1292;Samantha_do~-8bands-fc-128-NoiseCarrier.wav;Samantha_do~;3;1
1293;Samantha_do~-12bands-fc-128-NoiseCarrier.wav;Samantha_do~;4;3
1294;Samantha_do~-16bands-fc-128-NoiseCarrier.wav;Samantha_do~;5;4
1295;Samantha_do~-22bands-fc-128-NoiseCarrier.wav;Samantha_do~;1;1
1296;Samantha_de~-4bands-fc-128-NoiseCarrier.wav;Samantha_de~;3;2
1297;Samantha_de~-8bands-fc-128-NoiseCarrier.wav;Samantha_de~;4;4
1298;Samantha_de~-12bands-fc-128-NoiseCarrier.wav;Samantha_de~;5;1
1299;Samantha_de~-16bands-fc-128-NoiseCarrier.wav;Samantha_de~;1;2
1300;Samantha_de~-22bands-fc-128-NoiseCarrier.wav;Samantha_de~;2;3
1301;Samantha_gi-4bands-fc-128-NoiseCarrier.wav;Samantha_gi;4;1
1302;Samantha_gi-8bands-fc-128-NoiseCarrier.wav;Samantha_gi;5;2
1303;Samantha_gi-12bands-fc-128-NoiseCarrier.wav;Samantha_gi;1;3
1304;Samantha_gi-16bands-fc-128-NoiseCarrier.wav;Samantha_gi;2;4
1305;Samantha_gi-22bands-fc-128-NoiseCarrier.wav;Samantha_gi;3;2
1306;Samantha_ge-4bands-fc-128-NoiseCarrier.wav;Samantha_ge;5;3
1307;Samantha_ge-8bands-fc-128-NoiseCarrier.wav;Samantha_ge;1;4
1308;Samantha_ge-12bands-fc-128-NoiseCarrier.wav;Samantha_ge;2;1
1309;Samantha_ge-16bands-fc-128-NoiseCarrier.wav;Samantha_ge;3;3
1310;Samantha_ge-22bands-fc-128-NoiseCarrier.wav;Samantha_ge;4;4
1311;Samantha_ga-4bands-fc-128-NoiseCarrier.wav;Samantha_ga;1;1
1312;Samantha_ga-8bands-fc-128-NoiseCarrier.wav;Samantha_ga;2;2
1313;Samantha_ga-12bands-fc-128-NoiseCarrier.wav;Samantha_ga;3;4
1314;Samantha_ga-16bands-fc-128-NoiseCarrier.wav;Samantha_ga;4;1
1315;Samantha_ga-22bands-fc-128-NoiseCarrier.wav;Samantha_ga;5;2
1316;Samantha_gy-4bands-fc-128-NoiseCarrier.wav;Samantha_gy;2;3
1317;Samantha_gy-8bands-fc-128-NoiseCarrier.wav;Samantha_gy;3;1
1318;Samantha_gy-12bands-fc-128-NoiseCarrier.wav;Samantha_gy;4;2
1319;Samantha_gy-16bands-fc-128-NoiseCarrier.wav;Samantha_gy;5;3
1320;Samantha_gy-22bands-fc-128-NoiseCarrier.wav;Samantha_gy;1;4
1321;Samantha_g2-4bands-fc-128-NoiseCarrier.wav;Samantha_g2;3;2
1322;Samantha_g2-8bands-fc-128-NoiseCarrier.wav;Samantha_g2;4;3
1323;Samantha_g2-12bands-fc-128-NoiseCarrier.wav;Samantha_g2;5;4
1324;Samantha_g2-16bands-fc-128-NoiseCarrier.wav;Samantha_g2;1;1
1325;Samantha_g2-22bands-fc-128-NoiseCarrier.wav;Samantha_g2;2;3
1326;Samantha_gu-4bands-fc-128-NoiseCarrier.wav;Samantha_gu;4;4
1327;Samantha_gu-8bands-fc-128-NoiseCarrier.wav;Samantha_gu;5;1
1328;Samantha_gu-12bands-fc-128-NoiseCarrier.wav;Samantha_gu;1;2
1329;Samantha_gu-16bands-fc-128-NoiseCarrier.wav;Samantha_gu;2;4
1330;Samantha_gu-22bands-fc-128-NoiseCarrier.wav;Samantha_gu;3;1
1331;Samantha_go-4bands-fc-128-NoiseCarrier.wav;Samantha_go;5;2
1332;Samantha_go-8bands-fc-128-NoiseCarrier.wav;Samantha_go;1;3
1333;Samantha_go-12bands-fc-128-NoiseCarrier.wav;Samantha_go;2;1
1334;Samantha_go-16bands-fc-128-NoiseCarrier.wav;Samantha_go;3;2
1335;Samantha_go-22bands-fc-128-NoiseCarrier.wav;Samantha_go;4;3
1336;Samantha_ga~-4bands-fc-128-NoiseCarrier.wav;Samantha_ga~;1;4
1337;Samantha_ga~-8bands-fc-128-NoiseCarrier.wav;Samantha_ga~;2;2
1338;Samantha_ga~-12bands-fc-128-NoiseCarrier.wav;Samantha_ga~;3;3
1339;Samantha_ga~-16bands-fc-128-NoiseCarrier.wav;Samantha_ga~;4;4
1340;Samantha_ga~-22bands-fc-128-NoiseCarrier.wav;Samantha_ga~;5;1
1341;Samantha_go~-4bands-fc-128-NoiseCarrier.wav;Samantha_go~;2;3
1342;Samantha_go~-8bands-fc-128-NoiseCarrier.wav;Samantha_go~;3;4
1343;Samantha_go~-12bands-fc-128-NoiseCarrier.wav;Samantha_go~;4;1
1344;Samantha_go~-16bands-fc-128-NoiseCarrier.wav;Samantha_go~;5;2
1345;Samantha_go~-22bands-fc-128-NoiseCarrier.wav;Samantha_go~;1;4
1346;Samantha_ge~-4bands-fc-128-NoiseCarrier.wav;Samantha_ge~;3;1
1347;Samantha_ge~-8bands-fc-128-NoiseCarrier.wav;Samantha_ge~;4;2
1348;Samantha_ge~-12bands-fc-128-NoiseCarrier.wav;Samantha_ge~;5;3
1349;Samantha_ge~-16bands-fc-128-NoiseCarrier.wav;Samantha_ge~;1;1
1350;Samantha_ge~-22bands-fc-128-NoiseCarrier.wav;Samantha_ge~;2;2
1351;Samantha_pi-4bands-fc-128-NoiseCarrier.wav;Samantha_pi;4;3
1352;Samantha_pi-8bands-fc-128-NoiseCarrier.wav;Samantha_pi;5;4
1353;Samantha_pi-12bands-fc-128-NoiseCarrier.wav;Samantha_pi;1;2
1354;Samantha_pi-16bands-fc-128-NoiseCarrier.wav;Samantha_pi;2;3
1355;Samantha_pi-22bands-fc-128-NoiseCarrier.wav;Samantha_pi;3;4
1356;Samantha_pe-4bands-fc-128-NoiseCarrier.wav;Samantha_pe;5;1
1357;Samantha_pe-8bands-fc-128-NoiseCarrier.wav;Samantha_pe;1;3
1358;Samantha_pe-12bands-fc-128-NoiseCarrier.wav;Samantha_pe;2;4
1359;Samantha_pe-16bands-fc-128-NoiseCarrier.wav;Samantha_pe;3;1
1360;Samantha_pe-22bands-fc-128-NoiseCarrier.wav;Samantha_pe;4;2
1361;Samantha_pa-4bands-fc-128-NoiseCarrier.wav;Samantha_pa;1;4
1362;Samantha_pa-8bands-fc-128-NoiseCarrier.wav;Samantha_pa;2;1
1363;Samantha_pa-12bands-fc-128-NoiseCarrier.wav;Samantha_pa;3;2
1364;Samantha_pa-16bands-fc-128-NoiseCarrier.wav;Samantha_pa;4;3
1365;Samantha_pa-22bands-fc-128-NoiseCarrier.wav;Samantha_pa;5;1
1366;Samantha_py-4bands-fc-128-NoiseCarrier.wav;Samantha_py;2;2
1367;Samantha_py-8bands-fc-128-NoiseCarrier.wav;Samantha_py;3;3
1368;Samantha_py-12bands-fc-128-NoiseCarrier.wav;Samantha_py;4;4
1369;Samantha_py-16bands-fc-128-NoiseCarrier.wav;Samantha_py;5;2
1370;Samantha_py-22bands-fc-128-NoiseCarrier.wav;Samantha_py;1;3
1371;Samantha_p2-4bands-fc-128-NoiseCarrier.wav;Samantha_p2;3;4
1372;Samantha_p2-8bands-fc-128-NoiseCarrier.wav;Samantha_p2;4;1
1373;Samantha_p2-12bands-fc-128-NoiseCarrier.wav;Samantha_p2;5;3
1374;Samantha_p2-16bands-fc-128-NoiseCarrier.wav;Samantha_p2;1;4
1375;Samantha_p2-22bands-fc-128-NoiseCarrier.wav;Samantha_p2;2;1
1376;Samantha_pu-4bands-fc-128-NoiseCarrier.wav;Samantha_pu;4;2
1377;Samantha_pu-8bands-fc-128-NoiseCarrier.wav;Samantha_pu;5;4
1378;Samantha_pu-12bands-fc-128-NoiseCarrier.wav;Samantha_pu;1;1
1379;Samantha_pu-16bands-fc-128-NoiseCarrier.wav;Samantha_pu;2;2
1380;Samantha_pu-22bands-fc-128-NoiseCarrier.wav;Samantha_pu;3;3
1381;Samantha_po1-4bands-fc-128-NoiseCarrier.wav;Samantha_po1;5;1
1382;Samantha_po1-8bands-fc-128-NoiseCarrier.wav;Samantha_po1;1;2
1383;Samantha_po1-12bands-fc-128-NoiseCarrier.wav;Samantha_po1;2;3
1384;Samantha_po1-16bands-fc-128-NoiseCarrier.wav;Samantha_po1;3;4
1385;Samantha_po1-22bands-fc-128-NoiseCarrier.wav;Samantha_po1;4;2
1386;Samantha_pa~-4bands-fc-128-NoiseCarrier.wav;Samantha_pa~;1;3
1387;Samantha_pa~-8bands-fc-128-NoiseCarrier.wav;Samantha_pa~;2;4
1388;Samantha_pa~-12bands-fc-128-NoiseCarrier.wav;Samantha_pa~;3;1
1389;Samantha_pa~-16bands-fc-128-NoiseCarrier.wav;Samantha_pa~;4;3
1390;Samantha_pa~-22bands-fc-128-NoiseCarrier.wav;Samantha_pa~;5;4
1391;Samantha_po~-4bands-fc-128-NoiseCarrier.wav;Samantha_po~;2;1
1392;Samantha_po~-8bands-fc-128-NoiseCarrier.wav;Samantha_po~;3;2
1393;Samantha_po~-12bands-fc-128-NoiseCarrier.wav;Samantha_po~;4;4
1394;Samantha_po~-16bands-fc-128-NoiseCarrier.wav;Samantha_po~;5;1
1395;Samantha_po~-22bands-fc-128-NoiseCarrier.wav;Samantha_po~;1;2
1396;Samantha_pe~-4bands-fc-128-NoiseCarrier.wav;Samantha_pe~;3;3
1397;Samantha_pe~-8bands-fc-128-NoiseCarrier.wav;Samantha_pe~;4;1
1398;Samantha_pe~-12bands-fc-128-NoiseCarrier.wav;Samantha_pe~;5;2
1399;Samantha_pe~-16bands-fc-128-NoiseCarrier.wav;Samantha_pe~;1;3
1400;Samantha_pe~-22bands-fc-128-NoiseCarrier.wav;Samantha_pe~;2;4
1401;Samantha_ti-4bands-fc-128-NoiseCarrier.wav;Samantha_ti;4;2
1402;Samantha_ti-8bands-fc-128-NoiseCarrier.wav;Samantha_ti;5;3
1403;Samantha_ti-12bands-fc-128-NoiseCarrier.wav;Samantha_ti;1;4
1404;Samantha_ti-16bands-fc-128-NoiseCarrier.wav;Samantha_ti;2;1
1405;Samantha_ti-22bands-fc-128-NoiseCarrier.wav;Samantha_ti;3;3
1406;Samantha_te1-4bands-fc-128-NoiseCarrier.wav;Samantha_te1;5;4
1407;Samantha_te1-8bands-fc-128-NoiseCarrier.wav;Samantha_te1;1;1
1408;Samantha_te1-12bands-fc-128-NoiseCarrier.wav;Samantha_te1;2;2
1409;Samantha_te1-16bands-fc-128-NoiseCarrier.wav;Samantha_te1;3;4
1410;Samantha_te1-22bands-fc-128-NoiseCarrier.wav;Samantha_te1;4;1
1411;Samantha_ta-4bands-fc-128-NoiseCarrier.wav;Samantha_ta;1;2
1412;Samantha_ta-8bands-fc-128-NoiseCarrier.wav;Samantha_ta;2;3
1413;Samantha_ta-12bands-fc-128-NoiseCarrier.wav;Samantha_ta;3;1
1414;Samantha_ta-16bands-fc-128-NoiseCarrier.wav;Samantha_ta;4;2
1415;Samantha_ta-22bands-fc-128-NoiseCarrier.wav;Samantha_ta;5;3
1416;Samantha_ty-4bands-fc-128-NoiseCarrier.wav;Samantha_ty;2;4
1417;Samantha_ty-8bands-fc-128-NoiseCarrier.wav;Samantha_ty;3;2
1418;Samantha_ty-12bands-fc-128-NoiseCarrier.wav;Samantha_ty;4;3
1419;Samantha_ty-16bands-fc-128-NoiseCarrier.wav;Samantha_ty;5;4
1420;Samantha_ty-22bands-fc-128-NoiseCarrier.wav;Samantha_ty;1;1
1421;Samantha_t2-4bands-fc-128-NoiseCarrier.wav;Samantha_t2;3;3
1422;Samantha_t2-8bands-fc-128-NoiseCarrier.wav;Samantha_t2;4;4
1423;Samantha_t2-12bands-fc-128-NoiseCarrier.wav;Samantha_t2;5;1
1424;Samantha_t2-16bands-fc-128-NoiseCarrier.wav;Samantha_t2;1;2
1425;Samantha_t2-22bands-fc-128-NoiseCarrier.wav;Samantha_t2;2;4
1426;Samantha_tu-4bands-fc-128-NoiseCarrier.wav;Samantha_tu;4;1
1427;Samantha_tu-8bands-fc-128-NoiseCarrier.wav;Samantha_tu;5;2
1428;Samantha_tu-12bands-fc-128-NoiseCarrier.wav;Samantha_tu;1;3
1429;Samantha_tu-16bands-fc-128-NoiseCarrier.wav;Samantha_tu;2;1
1430;Samantha_tu-22bands-fc-128-NoiseCarrier.wav;Samantha_tu;3;2
1431;Samantha_to-4bands-fc-128-NoiseCarrier.wav;Samantha_to;5;3
1432;Samantha_to-8bands-fc-128-NoiseCarrier.wav;Samantha_to;1;4
1433;Samantha_to-12bands-fc-128-NoiseCarrier.wav;Samantha_to;2;2
1434;Samantha_to-16bands-fc-128-NoiseCarrier.wav;Samantha_to;3;3
1435;Samantha_to-22bands-fc-128-NoiseCarrier.wav;Samantha_to;4;4
1436;Samantha_ta~-4bands-fc-128-NoiseCarrier.wav;Samantha_ta~;1;1
1437;Samantha_ta~-8bands-fc-128-NoiseCarrier.wav;Samantha_ta~;2;3
1438;Samantha_ta~-12bands-fc-128-NoiseCarrier.wav;Samantha_ta~;3;4
1439;Samantha_ta~-16bands-fc-128-NoiseCarrier.wav;Samantha_ta~;4;1
1440;Samantha_ta~-22bands-fc-128-NoiseCarrier.wav;Samantha_ta~;5;2
1441;Samantha_to~1-4bands-fc-128-NoiseCarrier.wav;Samantha_to~1;2;4
1442;Samantha_to~1-8bands-fc-128-NoiseCarrier.wav;Samantha_to~1;3;1
1443;Samantha_to~1-12bands-fc-128-NoiseCarrier.wav;Samantha_to~1;4;2
1444;Samantha_to~1-16bands-fc-128-NoiseCarrier.wav;Samantha_to~1;5;3
1445;Samantha_to~1-22bands-fc-128-NoiseCarrier.wav;Samantha_to~1;1;1
1446;Samantha_te~-4bands-fc-128-NoiseCarrier.wav;Samantha_te~;3;2
1447;Samantha_te~-8bands-fc-128-NoiseCarrier.wav;Samantha_te~;4;3
1448;Samantha_te~-12bands-fc-128-NoiseCarrier.wav;Samantha_te~;5;4
1449;Samantha_te~-16bands-fc-128-NoiseCarrier.wav;Samantha_te~;1;2
1450;Samantha_te~-22bands-fc-128-NoiseCarrier.wav;Samantha_te~;2;3
1451;Samantha_ki-4bands-fc-128-NoiseCarrier.wav;Samantha_ki;4;4
1452;Samantha_ki-8bands-fc-128-NoiseCarrier.wav;Samantha_ki;5;1
1453;Samantha_ki-12bands-fc-128-NoiseCarrier.wav;Samantha_ki;1;3
1454;Samantha_ki-16bands-fc-128-NoiseCarrier.wav;Samantha_ki;2;4
1455;Samantha_ki-22bands-fc-128-NoiseCarrier.wav;Samantha_ki;3;1
1456;Samantha_ke-4bands-fc-128-NoiseCarrier.wav;Samantha_ke;5;2
1457;Samantha_ke-8bands-fc-128-NoiseCarrier.wav;Samantha_ke;1;4
1458;Samantha_ke-12bands-fc-128-NoiseCarrier.wav;Samantha_ke;2;1
1459;Samantha_ke-16bands-fc-128-NoiseCarrier.wav;Samantha_ke;3;2
1460;Samantha_ke-22bands-fc-128-NoiseCarrier.wav;Samantha_ke;4;3
1461;Samantha_ka-4bands-fc-128-NoiseCarrier.wav;Samantha_ka;1;1
1462;Samantha_ka-8bands-fc-128-NoiseCarrier.wav;Samantha_ka;2;2
1463;Samantha_ka-12bands-fc-128-NoiseCarrier.wav;Samantha_ka;3;3
1464;Samantha_ka-16bands-fc-128-NoiseCarrier.wav;Samantha_ka;4;4
1465;Samantha_ka-22bands-fc-128-NoiseCarrier.wav;Samantha_ka;5;2
1466;Samantha_ky-4bands-fc-128-NoiseCarrier.wav;Samantha_ky;2;3
1467;Samantha_ky-8bands-fc-128-NoiseCarrier.wav;Samantha_ky;3;4
1468;Samantha_ky-12bands-fc-128-NoiseCarrier.wav;Samantha_ky;4;1
1469;Samantha_ky-16bands-fc-128-NoiseCarrier.wav;Samantha_ky;5;3
1470;Samantha_ky-22bands-fc-128-NoiseCarrier.wav;Samantha_ky;1;4
1471;Samantha_k2-4bands-fc-128-NoiseCarrier.wav;Samantha_k2;3;1
1472;Samantha_k2-8bands-fc-128-NoiseCarrier.wav;Samantha_k2;4;2
1473;Samantha_k2-12bands-fc-128-NoiseCarrier.wav;Samantha_k2;5;4
1474;Samantha_k2-16bands-fc-128-NoiseCarrier.wav;Samantha_k2;1;1
1475;Samantha_k2-22bands-fc-128-NoiseCarrier.wav;Samantha_k2;2;2
1476;Samantha_ku-4bands-fc-128-NoiseCarrier.wav;Samantha_ku;4;3
1477;Samantha_ku-8bands-fc-128-NoiseCarrier.wav;Samantha_ku;5;1
1478;Samantha_ku-12bands-fc-128-NoiseCarrier.wav;Samantha_ku;1;2
1479;Samantha_ku-16bands-fc-128-NoiseCarrier.wav;Samantha_ku;2;3
1480;Samantha_ku-22bands-fc-128-NoiseCarrier.wav;Samantha_ku;3;4
1481;Samantha_ko-4bands-fc-128-NoiseCarrier.wav;Samantha_ko;5;2
1482;Samantha_ko-8bands-fc-128-NoiseCarrier.wav;Samantha_ko;1;3
1483;Samantha_ko-12bands-fc-128-NoiseCarrier.wav;Samantha_ko;2;4
1484;Samantha_ko-16bands-fc-128-NoiseCarrier.wav;Samantha_ko;3;1
1485;Samantha_ko-22bands-fc-128-NoiseCarrier.wav;Samantha_ko;4;3
1486;Samantha_ka~-4bands-fc-128-NoiseCarrier.wav;Samantha_ka~;1;4
1487;Samantha_ka~-8bands-fc-128-NoiseCarrier.wav;Samantha_ka~;2;1
1488;Samantha_ka~-12bands-fc-128-NoiseCarrier.wav;Samantha_ka~;3;2
1489;Samantha_ka~-16bands-fc-128-NoiseCarrier.wav;Samantha_ka~;4;4
1490;Samantha_ka~-22bands-fc-128-NoiseCarrier.wav;Samantha_ka~;5;1
1491;Samantha_ko~-4bands-fc-128-NoiseCarrier.wav;Samantha_ko~;2;2
1492;Samantha_ko~-8bands-fc-128-NoiseCarrier.wav;Samantha_ko~;3;3
1493;Samantha_ko~-12bands-fc-128-NoiseCarrier.wav;Samantha_ko~;4;1
1494;Samantha_ko~-16bands-fc-128-NoiseCarrier.wav;Samantha_ko~;5;2
1495;Samantha_ko~-22bands-fc-128-NoiseCarrier.wav;Samantha_ko~;1;3
1496;Samantha_ke~-4bands-fc-128-NoiseCarrier.wav;Samantha_ke~;3;4
1497;Samantha_ke~-8bands-fc-128-NoiseCarrier.wav;Samantha_ke~;4;2
1498;Samantha_ke~-12bands-fc-128-NoiseCarrier.wav;Samantha_ke~;5;3
1499;Samantha_ke~-16bands-fc-128-NoiseCarrier.wav;Samantha_ke~;1;4
1500;Samantha_ke~-22bands-fc-128-NoiseCarrier.wav;Samantha_ke~;2;1
1501;Samantha_mi-4bands-fc-128-NoiseCarrier.wav;Samantha_mi;4;3
1502;Samantha_mi-8bands-fc-128-NoiseCarrier.wav;Samantha_mi;5;4
1503;Samantha_mi-12bands-fc-128-NoiseCarrier.wav;Samantha_mi;1;1
1504;Samantha_mi-16bands-fc-128-NoiseCarrier.wav;Samantha_mi;2;2
1505;Samantha_mi-22bands-fc-128-NoiseCarrier.wav;Samantha_mi;3;4
1506;Samantha_me1-4bands-fc-128-NoiseCarrier.wav;Samantha_me1;5;1
1507;Samantha_me1-8bands-fc-128-NoiseCarrier.wav;Samantha_me1;1;2
1508;Samantha_me1-12bands-fc-128-NoiseCarrier.wav;Samantha_me1;2;3
1509;Samantha_me1-16bands-fc-128-NoiseCarrier.wav;Samantha_me1;3;1
1510;Samantha_me1-22bands-fc-128-NoiseCarrier.wav;Samantha_me1;4;2
1511;Samantha_ma-4bands-fc-128-NoiseCarrier.wav;Samantha_ma;1;3
1512;Samantha_ma-8bands-fc-128-NoiseCarrier.wav;Samantha_ma;2;4
1513;Samantha_ma-12bands-fc-128-NoiseCarrier.wav;Samantha_ma;3;2
1514;Samantha_ma-16bands-fc-128-NoiseCarrier.wav;Samantha_ma;4;3
1515;Samantha_ma-22bands-fc-128-NoiseCarrier.wav;Samantha_ma;5;4
1516;Samantha_my-4bands-fc-128-NoiseCarrier.wav;Samantha_my;2;1
1517;Samantha_my-8bands-fc-128-NoiseCarrier.wav;Samantha_my;3;3
1518;Samantha_my-12bands-fc-128-NoiseCarrier.wav;Samantha_my;4;4
1519;Samantha_my-16bands-fc-128-NoiseCarrier.wav;Samantha_my;5;1
1520;Samantha_my-22bands-fc-128-NoiseCarrier.wav;Samantha_my;1;2
1521;Samantha_m2-4bands-fc-128-NoiseCarrier.wav;Samantha_m2;3;4
1522;Samantha_m2-8bands-fc-128-NoiseCarrier.wav;Samantha_m2;4;1
1523;Samantha_m2-12bands-fc-128-NoiseCarrier.wav;Samantha_m2;5;2
1524;Samantha_m2-16bands-fc-128-NoiseCarrier.wav;Samantha_m2;1;3
1525;Samantha_m2-22bands-fc-128-NoiseCarrier.wav;Samantha_m2;2;1
1526;Samantha_mu-4bands-fc-128-NoiseCarrier.wav;Samantha_mu;4;2
1527;Samantha_mu-8bands-fc-128-NoiseCarrier.wav;Samantha_mu;5;3
1528;Samantha_mu-12bands-fc-128-NoiseCarrier.wav;Samantha_mu;1;4
1529;Samantha_mu-16bands-fc-128-NoiseCarrier.wav;Samantha_mu;2;2
1530;Samantha_mu-22bands-fc-128-NoiseCarrier.wav;Samantha_mu;3;3
1531;Samantha_mo-4bands-fc-128-NoiseCarrier.wav;Samantha_mo;5;4
1532;Samantha_mo-8bands-fc-128-NoiseCarrier.wav;Samantha_mo;1;1
1533;Samantha_mo-12bands-fc-128-NoiseCarrier.wav;Samantha_mo;2;3
1534;Samantha_mo-16bands-fc-128-NoiseCarrier.wav;Samantha_mo;3;4
1535;Samantha_mo-22bands-fc-128-NoiseCarrier.wav;Samantha_mo;4;1
1536;Samantha_ma~-4bands-fc-128-NoiseCarrier.wav;Samantha_ma~;1;2
1537;Samantha_ma~-8bands-fc-128-NoiseCarrier.wav;Samantha_ma~;2;4
1538;Samantha_ma~-12bands-fc-128-NoiseCarrier.wav;Samantha_ma~;3;1
1539;Samantha_ma~-16bands-fc-128-NoiseCarrier.wav;Samantha_ma~;4;2
1540;Samantha_ma~-22bands-fc-128-NoiseCarrier.wav;Samantha_ma~;5;3
1541;Samantha_mo~-4bands-fc-128-NoiseCarrier.wav;Samantha_mo~;2;1
1542;Samantha_mo~-8bands-fc-128-NoiseCarrier.wav;Samantha_mo~;3;2
1543;Samantha_mo~-12bands-fc-128-NoiseCarrier.wav;Samantha_mo~;4;3
1544;Samantha_mo~-16bands-fc-128-NoiseCarrier.wav;Samantha_mo~;5;4
1545;Samantha_mo~-22bands-fc-128-NoiseCarrier.wav;Samantha_mo~;1;2
1546;Samantha_me~-4bands-fc-128-NoiseCarrier.wav;Samantha_me~;3;3
1547;Samantha_me~-8bands-fc-128-NoiseCarrier.wav;Samantha_me~;4;4
1548;Samantha_me~-12bands-fc-128-NoiseCarrier.wav;Samantha_me~;5;1
1549;Samantha_me~-16bands-fc-128-NoiseCarrier.wav;Samantha_me~;1;3
1550;Samantha_me~-22bands-fc-128-NoiseCarrier.wav;Samantha_me~;2;4
1551;Samantha_ni-4bands-fc-128-NoiseCarrier.wav;Samantha_ni;4;1
1552;Samantha_ni-8bands-fc-128-NoiseCarrier.wav;Samantha_ni;5;2
1553;Samantha_ni-12bands-fc-128-NoiseCarrier.wav;Samantha_ni;1;4
1554;Samantha_ni-16bands-fc-128-NoiseCarrier.wav;Samantha_ni;2;1
1555;Samantha_ni-22bands-fc-128-NoiseCarrier.wav;Samantha_ni;3;2
1556;Samantha_ne1-4bands-fc-128-NoiseCarrier.wav;Samantha_ne1;5;3
1557;Samantha_ne1-8bands-fc-128-NoiseCarrier.wav;Samantha_ne1;1;1
1558;Samantha_ne1-12bands-fc-128-NoiseCarrier.wav;Samantha_ne1;2;2
1559;Samantha_ne1-16bands-fc-128-NoiseCarrier.wav;Samantha_ne1;3;3
1560;Samantha_ne1-22bands-fc-128-NoiseCarrier.wav;Samantha_ne1;4;4
1561;Samantha_na-4bands-fc-128-NoiseCarrier.wav;Samantha_na;1;2
1562;Samantha_na-8bands-fc-128-NoiseCarrier.wav;Samantha_na;2;3
1563;Samantha_na-12bands-fc-128-NoiseCarrier.wav;Samantha_na;3;4
1564;Samantha_na-16bands-fc-128-NoiseCarrier.wav;Samantha_na;4;1
1565;Samantha_na-22bands-fc-128-NoiseCarrier.wav;Samantha_na;5;3
1566;Samantha_ny-4bands-fc-128-NoiseCarrier.wav;Samantha_ny;2;4
1567;Samantha_ny-8bands-fc-128-NoiseCarrier.wav;Samantha_ny;3;1
1568;Samantha_ny-12bands-fc-128-NoiseCarrier.wav;Samantha_ny;4;2
1569;Samantha_ny-16bands-fc-128-NoiseCarrier.wav;Samantha_ny;5;4
1570;Samantha_ny-22bands-fc-128-NoiseCarrier.wav;Samantha_ny;1;1
1571;Samantha_n2-4bands-fc-128-NoiseCarrier.wav;Samantha_n2;3;2
1572;Samantha_n2-8bands-fc-128-NoiseCarrier.wav;Samantha_n2;4;3
1573;Samantha_n2-12bands-fc-128-NoiseCarrier.wav;Samantha_n2;5;1
1574;Samantha_n2-16bands-fc-128-NoiseCarrier.wav;Samantha_n2;1;2
1575;Samantha_n2-22bands-fc-128-NoiseCarrier.wav;Samantha_n2;2;3
1576;Samantha_nu-4bands-fc-128-NoiseCarrier.wav;Samantha_nu;4;4
1577;Samantha_nu-8bands-fc-128-NoiseCarrier.wav;Samantha_nu;5;2
1578;Samantha_nu-12bands-fc-128-NoiseCarrier.wav;Samantha_nu;1;3
1579;Samantha_nu-16bands-fc-128-NoiseCarrier.wav;Samantha_nu;2;4
1580;Samantha_nu-22bands-fc-128-NoiseCarrier.wav;Samantha_nu;3;1
1581;Samantha_no-4bands-fc-128-NoiseCarrier.wav;Samantha_no;5;3
1582;Samantha_no-8bands-fc-128-NoiseCarrier.wav;Samantha_no;1;4
1583;Samantha_no-12bands-fc-128-NoiseCarrier.wav;Samantha_no;2;1
1584;Samantha_no-16bands-fc-128-NoiseCarrier.wav;Samantha_no;3;2
1585;Samantha_no-22bands-fc-128-NoiseCarrier.wav;Samantha_no;4;4
1586;Samantha_na~-4bands-fc-128-NoiseCarrier.wav;Samantha_na~;1;1
1587;Samantha_na~-8bands-fc-128-NoiseCarrier.wav;Samantha_na~;2;2
1588;Samantha_na~-12bands-fc-128-NoiseCarrier.wav;Samantha_na~;3;3
1589;Samantha_na~-16bands-fc-128-NoiseCarrier.wav;Samantha_na~;4;1
1590;Samantha_na~-22bands-fc-128-NoiseCarrier.wav;Samantha_na~;5;2
1591;Samantha_no~-4bands-fc-128-NoiseCarrier.wav;Samantha_no~;2;3
1592;Samantha_no~-8bands-fc-128-NoiseCarrier.wav;Samantha_no~;3;4
1593;Samantha_no~-12bands-fc-128-NoiseCarrier.wav;Samantha_no~;4;2
1594;Samantha_no~-16bands-fc-128-NoiseCarrier.wav;Samantha_no~;5;3
1595;Samantha_no~-22bands-fc-128-NoiseCarrier.wav;Samantha_no~;1;4
1596;Samantha_ne~-4bands-fc-128-NoiseCarrier.wav;Samantha_ne~;3;1
1597;Samantha_ne~-8bands-fc-128-NoiseCarrier.wav;Samantha_ne~;4;3
1598;Samantha_ne~-12bands-fc-128-NoiseCarrier.wav;Samantha_ne~;5;4
1599;Samantha_ne~-16bands-fc-128-NoiseCarrier.wav;Samantha_ne~;1;1
1600;Samantha_ne~-22bands-fc-128-NoiseCarrier.wav;Samantha_ne~;2;2
;;;320;400
;;;320;400
;;;320;400
;;;320;400
;;;0;0
;;;320;0
;;;1600;1600
